SQL> COLUMN column_name FORMAT a20
SQL> SET LINESIZE 1000
SQL> SET UNDERLINE =
SP2-0158: unknown SET option "underline"
SQL> SET timing on
SQL> --Analysis 1 a)
SQL> 
SQL> -- LIST THE NUMBER OF MOVIES DONE PER YEAR BY Ben Affleck, Catherine Zeta-Jones, Emma Watson AND Johnny Depp.
SQL> -- THE NUMBER ROWS OF EACH ACTOR WOULD PROVIDE THE SPAN OF THEIR ACTING CAREER PROVIDED THE ACTOR HAS WORKED IN A MOVIE EACH YEAR
SQL> SELECT mytable.primaryname ||','|| mytable.startyear || ',' || mytable.num_movies 
  2  FROM (SELECT NB.primaryname, TB.startyear, COUNT(*) AS num_movies
  3        FROM imdb00.name_basics NB, imdb00.title_principals TP, imdb00.title_basics TB
  4        WHERE NB.nconst = TP.nconst AND
  5              TP.tconst = TB.tconst AND
  6              NB.nconst in ('nm0000255','nm0001876','nm0914612','nm0000136') AND
  7              LOWER(TB.titleType) = 'movie' AND
  8              LOWER(TP.category) IN ('actor','actress') AND 
  9              TB.startyear NOT LIKE '\N'
 10        GROUP BY NB.primaryname,TB.startyear)mytable
 11  ORDER BY mytable.primaryname;

MYTABLE.PRIMARYNAME||','||MYTABLE.STARTYEAR||','||MYTABLE.NUM_MOVIES                                                                                                                                                                                                                                                                                                                                                                                                                                                                                                                                                                                                                                                                                                                                                                                                                                                                                                                                                                    
----------------------------------------------------------------------------------------------------------------------------------------------------------------------------------------------------------------------------------------------------------------------------------------------------------------------------------------------------------------------------------------------------------------------------------------------------------------------------------------------------------------------------------------------------------------------------------------------------------------------------------------------------------------------------------------------------------------------------------------------------------------------------------------------------------------------------------------------------------------------------------------------------------------------------------------------------------------------------------------------------------------------------------------
Ben Affleck,1995,1
Ben Affleck,1997,3
Ben Affleck,1998,1
Ben Affleck,1999,3
Ben Affleck,2000,2
Ben Affleck,2001,2
Ben Affleck,2002,3
Ben Affleck,2003,3
Ben Affleck,2004,2
Ben Affleck,2006,2
Ben Affleck,2009,2

MYTABLE.PRIMARYNAME||','||MYTABLE.STARTYEAR||','||MYTABLE.NUM_MOVIES                                                                                                                                                                                                                                                                                                                                                                                                                                                                                                                                                                                                                                                                                                                                                                                                                                                                                                                                                                    
----------------------------------------------------------------------------------------------------------------------------------------------------------------------------------------------------------------------------------------------------------------------------------------------------------------------------------------------------------------------------------------------------------------------------------------------------------------------------------------------------------------------------------------------------------------------------------------------------------------------------------------------------------------------------------------------------------------------------------------------------------------------------------------------------------------------------------------------------------------------------------------------------------------------------------------------------------------------------------------------------------------------------------------
Ben Affleck,2010,2
Ben Affleck,2012,2
Ben Affleck,2013,1
Ben Affleck,2014,1
Ben Affleck,2016,4
Ben Affleck,2017,1
Ben Affleck,2019,2
Ben Affleck,2020,2
Ben Affleck,2021,2
Ben Affleck,2022,2
Ben Affleck,2023,1

MYTABLE.PRIMARYNAME||','||MYTABLE.STARTYEAR||','||MYTABLE.NUM_MOVIES                                                                                                                                                                                                                                                                                                                                                                                                                                                                                                                                                                                                                                                                                                                                                                                                                                                                                                                                                                    
----------------------------------------------------------------------------------------------------------------------------------------------------------------------------------------------------------------------------------------------------------------------------------------------------------------------------------------------------------------------------------------------------------------------------------------------------------------------------------------------------------------------------------------------------------------------------------------------------------------------------------------------------------------------------------------------------------------------------------------------------------------------------------------------------------------------------------------------------------------------------------------------------------------------------------------------------------------------------------------------------------------------------------------
Catherine Zeta-Jones,1990,1
Catherine Zeta-Jones,1993,1
Catherine Zeta-Jones,1995,1
Catherine Zeta-Jones,1996,1
Catherine Zeta-Jones,1998,1
Catherine Zeta-Jones,1999,2
Catherine Zeta-Jones,2000,1
Catherine Zeta-Jones,2001,1
Catherine Zeta-Jones,2002,1
Catherine Zeta-Jones,2003,2
Catherine Zeta-Jones,2004,2

MYTABLE.PRIMARYNAME||','||MYTABLE.STARTYEAR||','||MYTABLE.NUM_MOVIES                                                                                                                                                                                                                                                                                                                                                                                                                                                                                                                                                                                                                                                                                                                                                                                                                                                                                                                                                                    
----------------------------------------------------------------------------------------------------------------------------------------------------------------------------------------------------------------------------------------------------------------------------------------------------------------------------------------------------------------------------------------------------------------------------------------------------------------------------------------------------------------------------------------------------------------------------------------------------------------------------------------------------------------------------------------------------------------------------------------------------------------------------------------------------------------------------------------------------------------------------------------------------------------------------------------------------------------------------------------------------------------------------------------
Catherine Zeta-Jones,2005,1
Catherine Zeta-Jones,2007,2
Catherine Zeta-Jones,2009,1
Catherine Zeta-Jones,2012,1
Catherine Zeta-Jones,2013,2
Emma Watson,2002,1
Emma Watson,2004,1
Emma Watson,2005,1
Emma Watson,2007,1
Emma Watson,2008,1
Emma Watson,2009,1

MYTABLE.PRIMARYNAME||','||MYTABLE.STARTYEAR||','||MYTABLE.NUM_MOVIES                                                                                                                                                                                                                                                                                                                                                                                                                                                                                                                                                                                                                                                                                                                                                                                                                                                                                                                                                                    
----------------------------------------------------------------------------------------------------------------------------------------------------------------------------------------------------------------------------------------------------------------------------------------------------------------------------------------------------------------------------------------------------------------------------------------------------------------------------------------------------------------------------------------------------------------------------------------------------------------------------------------------------------------------------------------------------------------------------------------------------------------------------------------------------------------------------------------------------------------------------------------------------------------------------------------------------------------------------------------------------------------------------------------
Emma Watson,2010,1
Emma Watson,2011,1
Emma Watson,2012,1
Emma Watson,2013,1
Emma Watson,2014,1
Emma Watson,2015,2
Emma Watson,2017,2
Emma Watson,2019,1
Johnny Depp,1984,1
Johnny Depp,1985,1
Johnny Depp,1990,2

MYTABLE.PRIMARYNAME||','||MYTABLE.STARTYEAR||','||MYTABLE.NUM_MOVIES                                                                                                                                                                                                                                                                                                                                                                                                                                                                                                                                                                                                                                                                                                                                                                                                                                                                                                                                                                    
----------------------------------------------------------------------------------------------------------------------------------------------------------------------------------------------------------------------------------------------------------------------------------------------------------------------------------------------------------------------------------------------------------------------------------------------------------------------------------------------------------------------------------------------------------------------------------------------------------------------------------------------------------------------------------------------------------------------------------------------------------------------------------------------------------------------------------------------------------------------------------------------------------------------------------------------------------------------------------------------------------------------------------------
Johnny Depp,1993,3
Johnny Depp,1994,2
Johnny Depp,1995,2
Johnny Depp,1997,2
Johnny Depp,1998,1
Johnny Depp,1999,4
Johnny Depp,2000,2
Johnny Depp,2001,2
Johnny Depp,2003,2
Johnny Depp,2004,4
Johnny Depp,2005,2

MYTABLE.PRIMARYNAME||','||MYTABLE.STARTYEAR||','||MYTABLE.NUM_MOVIES                                                                                                                                                                                                                                                                                                                                                                                                                                                                                                                                                                                                                                                                                                                                                                                                                                                                                                                                                                    
----------------------------------------------------------------------------------------------------------------------------------------------------------------------------------------------------------------------------------------------------------------------------------------------------------------------------------------------------------------------------------------------------------------------------------------------------------------------------------------------------------------------------------------------------------------------------------------------------------------------------------------------------------------------------------------------------------------------------------------------------------------------------------------------------------------------------------------------------------------------------------------------------------------------------------------------------------------------------------------------------------------------------------------
Johnny Depp,2006,1
Johnny Depp,2007,2
Johnny Depp,2009,2
Johnny Depp,2010,2
Johnny Depp,2011,3
Johnny Depp,2012,1
Johnny Depp,2013,1
Johnny Depp,2014,1
Johnny Depp,2015,2
Johnny Depp,2016,2
Johnny Depp,2017,2

MYTABLE.PRIMARYNAME||','||MYTABLE.STARTYEAR||','||MYTABLE.NUM_MOVIES                                                                                                                                                                                                                                                                                                                                                                                                                                                                                                                                                                                                                                                                                                                                                                                                                                                                                                                                                                    
----------------------------------------------------------------------------------------------------------------------------------------------------------------------------------------------------------------------------------------------------------------------------------------------------------------------------------------------------------------------------------------------------------------------------------------------------------------------------------------------------------------------------------------------------------------------------------------------------------------------------------------------------------------------------------------------------------------------------------------------------------------------------------------------------------------------------------------------------------------------------------------------------------------------------------------------------------------------------------------------------------------------------------------
Johnny Depp,2018,4
Johnny Depp,2019,1
Johnny Depp,2020,1

80 rows selected. 

Elapsed: 00:00:03.708
SQL> 
SQL> 
SQL> --ACTING LIFESPAN
SQL> -- LIST THE NUMBER OF TITLE TYPE PER YEAR  Ben Affleck, Catherine Zeta-Jones, Emma Watson AND Johnny Depp HAVE WORKED IN
SQL> SELECT mytable.primaryname ||','|| mytable.startyear || ',' || mytable.num_movies 
  2  FROM (SELECT NB.primaryname, TB.startyear, COUNT(*) AS num_movies
  3        FROM imdb00.name_basics NB, imdb00.title_principals TP, imdb00.title_basics TB
  4        WHERE NB.nconst = TP.nconst AND
  5              TP.tconst = TB.tconst AND
  6              NB.nconst in ('nm0000255','nm0001876','nm0914612','nm0000136') AND
  7              LOWER(TP.category) IN ('actor','actress') AND 
  8              TB.startyear NOT LIKE '\N'
  9        GROUP BY NB.primaryname,TB.startyear)mytable
 10  ORDER BY mytable.primaryname;

MYTABLE.PRIMARYNAME||','||MYTABLE.STARTYEAR||','||MYTABLE.NUM_MOVIES                                                                                                                                                                                                                                                                                                                                                                                                                                                                                                                                                                                                                                                                                                                                                                                                                                                                                                                                                                    
----------------------------------------------------------------------------------------------------------------------------------------------------------------------------------------------------------------------------------------------------------------------------------------------------------------------------------------------------------------------------------------------------------------------------------------------------------------------------------------------------------------------------------------------------------------------------------------------------------------------------------------------------------------------------------------------------------------------------------------------------------------------------------------------------------------------------------------------------------------------------------------------------------------------------------------------------------------------------------------------------------------------------------------
Ben Affleck,1984,1
Ben Affleck,1986,1
Ben Affleck,1988,1
Ben Affleck,1991,1
Ben Affleck,1992,1
Ben Affleck,1993,9
Ben Affleck,1994,1
Ben Affleck,1995,1
Ben Affleck,1997,3
Ben Affleck,1998,1
Ben Affleck,1999,3

MYTABLE.PRIMARYNAME||','||MYTABLE.STARTYEAR||','||MYTABLE.NUM_MOVIES                                                                                                                                                                                                                                                                                                                                                                                                                                                                                                                                                                                                                                                                                                                                                                                                                                                                                                                                                                    
----------------------------------------------------------------------------------------------------------------------------------------------------------------------------------------------------------------------------------------------------------------------------------------------------------------------------------------------------------------------------------------------------------------------------------------------------------------------------------------------------------------------------------------------------------------------------------------------------------------------------------------------------------------------------------------------------------------------------------------------------------------------------------------------------------------------------------------------------------------------------------------------------------------------------------------------------------------------------------------------------------------------------------------
Ben Affleck,2000,4
Ben Affleck,2001,2
Ben Affleck,2002,4
Ben Affleck,2003,4
Ben Affleck,2004,2
Ben Affleck,2006,3
Ben Affleck,2007,1
Ben Affleck,2009,3
Ben Affleck,2010,3
Ben Affleck,2012,2
Ben Affleck,2013,2

MYTABLE.PRIMARYNAME||','||MYTABLE.STARTYEAR||','||MYTABLE.NUM_MOVIES                                                                                                                                                                                                                                                                                                                                                                                                                                                                                                                                                                                                                                                                                                                                                                                                                                                                                                                                                                    
----------------------------------------------------------------------------------------------------------------------------------------------------------------------------------------------------------------------------------------------------------------------------------------------------------------------------------------------------------------------------------------------------------------------------------------------------------------------------------------------------------------------------------------------------------------------------------------------------------------------------------------------------------------------------------------------------------------------------------------------------------------------------------------------------------------------------------------------------------------------------------------------------------------------------------------------------------------------------------------------------------------------------------------
Ben Affleck,2014,2
Ben Affleck,2015,1
Ben Affleck,2016,4
Ben Affleck,2017,2
Ben Affleck,2019,2
Ben Affleck,2020,2
Ben Affleck,2021,2
Ben Affleck,2022,2
Ben Affleck,2023,1
Catherine Zeta-Jones,1990,1
Catherine Zeta-Jones,1991,9

MYTABLE.PRIMARYNAME||','||MYTABLE.STARTYEAR||','||MYTABLE.NUM_MOVIES                                                                                                                                                                                                                                                                                                                                                                                                                                                                                                                                                                                                                                                                                                                                                                                                                                                                                                                                                                    
----------------------------------------------------------------------------------------------------------------------------------------------------------------------------------------------------------------------------------------------------------------------------------------------------------------------------------------------------------------------------------------------------------------------------------------------------------------------------------------------------------------------------------------------------------------------------------------------------------------------------------------------------------------------------------------------------------------------------------------------------------------------------------------------------------------------------------------------------------------------------------------------------------------------------------------------------------------------------------------------------------------------------------------
Catherine Zeta-Jones,1992,8
Catherine Zeta-Jones,1993,4
Catherine Zeta-Jones,1994,5
Catherine Zeta-Jones,1995,2
Catherine Zeta-Jones,1996,4
Catherine Zeta-Jones,1998,1
Catherine Zeta-Jones,1999,2
Catherine Zeta-Jones,2000,1
Catherine Zeta-Jones,2001,1
Catherine Zeta-Jones,2002,1
Catherine Zeta-Jones,2003,3

MYTABLE.PRIMARYNAME||','||MYTABLE.STARTYEAR||','||MYTABLE.NUM_MOVIES                                                                                                                                                                                                                                                                                                                                                                                                                                                                                                                                                                                                                                                                                                                                                                                                                                                                                                                                                                    
----------------------------------------------------------------------------------------------------------------------------------------------------------------------------------------------------------------------------------------------------------------------------------------------------------------------------------------------------------------------------------------------------------------------------------------------------------------------------------------------------------------------------------------------------------------------------------------------------------------------------------------------------------------------------------------------------------------------------------------------------------------------------------------------------------------------------------------------------------------------------------------------------------------------------------------------------------------------------------------------------------------------------------------
Catherine Zeta-Jones,2004,2
Catherine Zeta-Jones,2005,1
Catherine Zeta-Jones,2007,2
Catherine Zeta-Jones,2009,1
Catherine Zeta-Jones,2012,1
Catherine Zeta-Jones,2013,2
Catherine Zeta-Jones,2017,1
Catherine Zeta-Jones,2018,9
Catherine Zeta-Jones,2022,2
Emma Watson,2002,1
Emma Watson,2004,1

MYTABLE.PRIMARYNAME||','||MYTABLE.STARTYEAR||','||MYTABLE.NUM_MOVIES                                                                                                                                                                                                                                                                                                                                                                                                                                                                                                                                                                                                                                                                                                                                                                                                                                                                                                                                                                    
----------------------------------------------------------------------------------------------------------------------------------------------------------------------------------------------------------------------------------------------------------------------------------------------------------------------------------------------------------------------------------------------------------------------------------------------------------------------------------------------------------------------------------------------------------------------------------------------------------------------------------------------------------------------------------------------------------------------------------------------------------------------------------------------------------------------------------------------------------------------------------------------------------------------------------------------------------------------------------------------------------------------------------------
Emma Watson,2005,1
Emma Watson,2007,2
Emma Watson,2008,1
Emma Watson,2009,1
Emma Watson,2010,1
Emma Watson,2011,1
Emma Watson,2012,1
Emma Watson,2013,1
Emma Watson,2014,1
Emma Watson,2015,2
Emma Watson,2017,2

MYTABLE.PRIMARYNAME||','||MYTABLE.STARTYEAR||','||MYTABLE.NUM_MOVIES                                                                                                                                                                                                                                                                                                                                                                                                                                                                                                                                                                                                                                                                                                                                                                                                                                                                                                                                                                    
----------------------------------------------------------------------------------------------------------------------------------------------------------------------------------------------------------------------------------------------------------------------------------------------------------------------------------------------------------------------------------------------------------------------------------------------------------------------------------------------------------------------------------------------------------------------------------------------------------------------------------------------------------------------------------------------------------------------------------------------------------------------------------------------------------------------------------------------------------------------------------------------------------------------------------------------------------------------------------------------------------------------------------------
Emma Watson,2019,1
Johnny Depp,1984,2
Johnny Depp,1985,2
Johnny Depp,1986,1
Johnny Depp,1987,25
Johnny Depp,1988,17
Johnny Depp,1989,26
Johnny Depp,1990,19
Johnny Depp,1993,3
Johnny Depp,1994,2
Johnny Depp,1995,3

MYTABLE.PRIMARYNAME||','||MYTABLE.STARTYEAR||','||MYTABLE.NUM_MOVIES                                                                                                                                                                                                                                                                                                                                                                                                                                                                                                                                                                                                                                                                                                                                                                                                                                                                                                                                                                    
----------------------------------------------------------------------------------------------------------------------------------------------------------------------------------------------------------------------------------------------------------------------------------------------------------------------------------------------------------------------------------------------------------------------------------------------------------------------------------------------------------------------------------------------------------------------------------------------------------------------------------------------------------------------------------------------------------------------------------------------------------------------------------------------------------------------------------------------------------------------------------------------------------------------------------------------------------------------------------------------------------------------------------------
Johnny Depp,1997,2
Johnny Depp,1998,1
Johnny Depp,1999,5
Johnny Depp,2000,3
Johnny Depp,2001,2
Johnny Depp,2003,2
Johnny Depp,2004,4
Johnny Depp,2005,4
Johnny Depp,2006,3
Johnny Depp,2007,2
Johnny Depp,2008,1

MYTABLE.PRIMARYNAME||','||MYTABLE.STARTYEAR||','||MYTABLE.NUM_MOVIES                                                                                                                                                                                                                                                                                                                                                                                                                                                                                                                                                                                                                                                                                                                                                                                                                                                                                                                                                                    
----------------------------------------------------------------------------------------------------------------------------------------------------------------------------------------------------------------------------------------------------------------------------------------------------------------------------------------------------------------------------------------------------------------------------------------------------------------------------------------------------------------------------------------------------------------------------------------------------------------------------------------------------------------------------------------------------------------------------------------------------------------------------------------------------------------------------------------------------------------------------------------------------------------------------------------------------------------------------------------------------------------------------------------
Johnny Depp,2009,2
Johnny Depp,2010,2
Johnny Depp,2011,5
Johnny Depp,2012,1
Johnny Depp,2013,1
Johnny Depp,2014,1
Johnny Depp,2015,3
Johnny Depp,2016,4
Johnny Depp,2017,2
Johnny Depp,2018,5
Johnny Depp,2019,1

MYTABLE.PRIMARYNAME||','||MYTABLE.STARTYEAR||','||MYTABLE.NUM_MOVIES                                                                                                                                                                                                                                                                                                                                                                                                                                                                                                                                                                                                                                                                                                                                                                                                                                                                                                                                                                    
----------------------------------------------------------------------------------------------------------------------------------------------------------------------------------------------------------------------------------------------------------------------------------------------------------------------------------------------------------------------------------------------------------------------------------------------------------------------------------------------------------------------------------------------------------------------------------------------------------------------------------------------------------------------------------------------------------------------------------------------------------------------------------------------------------------------------------------------------------------------------------------------------------------------------------------------------------------------------------------------------------------------------------------
Johnny Depp,2020,3
Johnny Depp,2021,3
Johnny Depp,2022,6

102 rows selected. 

Elapsed: 00:00:03.716
SQL> 
SQL> -----------------------------------------------------------------------------------------------------------------------------------
SQL> --ANALYSIS 1 B
SQL> --2005
SQL> -- PRIOR TO 2006, COMPILE A LIST OF ALL THE MOVIES BEN AFFLECK, CATHERINE ZETA-JONES, EMMA WATSON, AND JOHNNY DEPP DID EACH YEAR.
SQL> 
SQL> SELECT mytable.primaryname|| ',' || mytable.num_movies 
  2  FROM (SELECT NB.primaryname,COUNT(*) AS num_movies
  3        FROM imdb00.name_basics NB, imdb00.title_principals TP, imdb00.title_basics TB
  4        WHERE NB.nconst = TP.nconst AND
  5              TP.tconst = TB.tconst AND
  6              NB.nconst in ('nm0000255','nm0001876','nm0914612','nm0000136') AND
  7              LOWER(TB.titleType) = 'movie' AND
  8              LOWER(TP.category) IN ('actor','actress') AND 
  9              TB.startyear NOT LIKE '\N' AND
 10              TB.startyear <= '2005'
 11        GROUP BY NB.primaryname)mytable
 12  ORDER BY mytable.primaryname;

MYTABLE.PRIMARYNAME||','||MYTABLE.NUM_MOVIES                                                                                                                                                                                                                                                                                                                                                                                                                                                                                                                                                                                                                                                                                                                                                                                                                                                                                                                                                                                            
----------------------------------------------------------------------------------------------------------------------------------------------------------------------------------------------------------------------------------------------------------------------------------------------------------------------------------------------------------------------------------------------------------------------------------------------------------------------------------------------------------------------------------------------------------------------------------------------------------------------------------------------------------------------------------------------------------------------------------------------------------------------------------------------------------------------------------------------------------------------------------------------------------------------------------------------------------------------------------------------------------------------------------------
Ben Affleck,20
Catherine Zeta-Jones,15
Emma Watson,3
Johnny Depp,30

Elapsed: 00:00:03.681
SQL> 
SQL> --2010
SQL> --COMPILE A LIST OF ALL THE MOVIES BEN AFFLECK, CATHERINE ZETA-JONES, EMMA WATSON, AND JOHNNY DEPP DID EACH YEAR FROM 2006 TO 2010
SQL> SELECT mytable.primaryname || ',' || mytable.num_movies 
  2  FROM (SELECT NB.primaryname, COUNT(*) AS num_movies
  3        FROM imdb00.name_basics NB, imdb00.title_principals TP, imdb00.title_basics TB
  4        WHERE NB.nconst = TP.nconst AND
  5              TP.tconst = TB.tconst AND
  6              NB.nconst in ('nm0000255','nm0001876','nm0914612','nm0000136') AND
  7              LOWER(TB.titleType) = 'movie' AND
  8              LOWER(TP.category) IN ('actor','actress') AND 
  9              TB.startyear NOT LIKE '\N' AND
 10              TB.startyear <= '2010' AND TB.startyear > '2005'
 11        GROUP BY NB.primaryname)mytable
 12  ORDER BY mytable.primaryname;

MYTABLE.PRIMARYNAME||','||MYTABLE.NUM_MOVIES                                                                                                                                                                                                                                                                                                                                                                                                                                                                                                                                                                                                                                                                                                                                                                                                                                                                                                                                                                                            
----------------------------------------------------------------------------------------------------------------------------------------------------------------------------------------------------------------------------------------------------------------------------------------------------------------------------------------------------------------------------------------------------------------------------------------------------------------------------------------------------------------------------------------------------------------------------------------------------------------------------------------------------------------------------------------------------------------------------------------------------------------------------------------------------------------------------------------------------------------------------------------------------------------------------------------------------------------------------------------------------------------------------------------
Ben Affleck,6
Catherine Zeta-Jones,3
Emma Watson,4
Johnny Depp,7

Elapsed: 00:00:03.669
SQL> 
SQL> --2015
SQL> --COMPILE A LIST OF ALL THE MOVIES BEN AFFLECK, CATHERINE ZETA-JONES, EMMA WATSON, AND JOHNNY DEPP DID EACH YEAR FROM 2011 TO 2015
SQL> 
SQL> SELECT mytable.primaryname || ',' || mytable.num_movies 
  2  FROM (SELECT NB.primaryname, COUNT(*) AS num_movies
  3        FROM imdb00.name_basics NB, imdb00.title_principals TP, imdb00.title_basics TB
  4        WHERE NB.nconst = TP.nconst AND
  5              TP.tconst = TB.tconst AND
  6              NB.nconst in ('nm0000255','nm0001876','nm0914612','nm0000136') AND
  7              LOWER(TB.titleType) = 'movie' AND
  8              LOWER(TP.category) IN ('actor','actress') AND 
  9              TB.startyear NOT LIKE '\N' AND
 10              TB.startyear <= '2015' AND TB.startyear > '2010'
 11        GROUP BY NB.primaryname)mytable
 12  ORDER BY mytable.primaryname;

MYTABLE.PRIMARYNAME||','||MYTABLE.NUM_MOVIES                                                                                                                                                                                                                                                                                                                                                                                                                                                                                                                                                                                                                                                                                                                                                                                                                                                                                                                                                                                            
----------------------------------------------------------------------------------------------------------------------------------------------------------------------------------------------------------------------------------------------------------------------------------------------------------------------------------------------------------------------------------------------------------------------------------------------------------------------------------------------------------------------------------------------------------------------------------------------------------------------------------------------------------------------------------------------------------------------------------------------------------------------------------------------------------------------------------------------------------------------------------------------------------------------------------------------------------------------------------------------------------------------------------------
Ben Affleck,4
Catherine Zeta-Jones,3
Emma Watson,6
Johnny Depp,8

Elapsed: 00:00:03.784
SQL> 
SQL> --2020
SQL> --COMPILE A LIST OF ALL THE MOVIES BEN AFFLECK, CATHERINE ZETA-JONES, EMMA WATSON, AND JOHNNY DEPP DID EACH YEAR FROM 2016 TO 2020
SQL> SELECT mytable.primaryname || ',' || mytable.num_movies 
  2  FROM (SELECT NB.primaryname, COUNT(*) AS num_movies
  3        FROM imdb00.name_basics NB, imdb00.title_principals TP, imdb00.title_basics TB
  4        WHERE NB.nconst = TP.nconst AND
  5              TP.tconst = TB.tconst AND
  6              NB.nconst in ('nm0000255','nm0001876','nm0914612','nm0000136') AND
  7              LOWER(TB.titleType) = 'movie' AND
  8              LOWER(TP.category) IN ('actor','actress') AND 
  9              TB.startyear NOT LIKE '\N' AND
 10              TB.startyear <= '2020' AND TB.startyear > '2015'
 11        GROUP BY NB.primaryname)mytable
 12  ORDER BY mytable.primaryname;

MYTABLE.PRIMARYNAME||','||MYTABLE.NUM_MOVIES                                                                                                                                                                                                                                                                                                                                                                                                                                                                                                                                                                                                                                                                                                                                                                                                                                                                                                                                                                                            
----------------------------------------------------------------------------------------------------------------------------------------------------------------------------------------------------------------------------------------------------------------------------------------------------------------------------------------------------------------------------------------------------------------------------------------------------------------------------------------------------------------------------------------------------------------------------------------------------------------------------------------------------------------------------------------------------------------------------------------------------------------------------------------------------------------------------------------------------------------------------------------------------------------------------------------------------------------------------------------------------------------------------------------
Ben Affleck,9
Emma Watson,3
Johnny Depp,10

Elapsed: 00:00:03.684
SQL> 
SQL> --2020
SQL> --COMPILE A LIST OF ALL THE MOVIES BEN AFFLECK, CATHERINE ZETA-JONES, EMMA WATSON, AND JOHNNY DEPP DID EACH YEAR AFTER 2020
SQL> SELECT mytable.primaryname || ',' || mytable.num_movies 
  2  FROM (SELECT NB.primaryname, COUNT(*) AS num_movies
  3        FROM imdb00.name_basics NB, imdb00.title_principals TP, imdb00.title_basics TB
  4        WHERE NB.nconst = TP.nconst AND
  5              TP.tconst = TB.tconst AND
  6              NB.nconst in ('nm0000255','nm0001876','nm0914612','nm0000136') AND
  7              LOWER(TB.titleType) = 'movie' AND
  8              LOWER(TP.category) IN ('actor','actress') AND 
  9              TB.startyear NOT LIKE '\N' AND
 10              TB.startyear >'2020' 
 11        GROUP BY NB.primaryname)mytable
 12  ORDER BY mytable.primaryname;

MYTABLE.PRIMARYNAME||','||MYTABLE.NUM_MOVIES                                                                                                                                                                                                                                                                                                                                                                                                                                                                                                                                                                                                                                                                                                                                                                                                                                                                                                                                                                                            
----------------------------------------------------------------------------------------------------------------------------------------------------------------------------------------------------------------------------------------------------------------------------------------------------------------------------------------------------------------------------------------------------------------------------------------------------------------------------------------------------------------------------------------------------------------------------------------------------------------------------------------------------------------------------------------------------------------------------------------------------------------------------------------------------------------------------------------------------------------------------------------------------------------------------------------------------------------------------------------------------------------------------------------
Ben Affleck,5

Elapsed: 00:00:03.660
SQL> -----------------------------------------------------------------------------------------------------------------------------------
SQL> --ANALYSIS 1 c
SQL> 
SQL> 
SQL> 
SQL> 
SQL> ---------------------------------------------------------------------------------------------------------------------------------
SQL> --2005
SQL> -- PRIOR TO 2006, COMPILE A LIST OF ALL THE VIDEOGAME BEN AFFLECK, CATHERINE ZETA-JONES, EMMA WATSON, AND JOHNNY DEPP DID.
SQL> 
SQL> SELECT mytable.primaryname|| ',' || mytable.num_movies 
  2  FROM (SELECT NB.primaryname,COUNT(*) AS num_movies
  3        FROM imdb00.name_basics NB, imdb00.title_principals TP, imdb00.title_basics TB
  4        WHERE NB.nconst = TP.nconst AND
  5              TP.tconst = TB.tconst AND
  6              NB.nconst in ('nm0000255','nm0001876','nm0914612','nm0000136') AND
  7              LOWER(TB.titleType) = 'videogame' AND
  8              LOWER(TP.category) IN ('actor','actress') AND 
  9              TB.startyear NOT LIKE '\N' AND
 10              TB.startyear <= '2005'
 11        GROUP BY NB.primaryname)mytable
 12  ORDER BY mytable.primaryname;
no rows selected
Elapsed: 00:00:03.645
SQL> 
SQL> --2010
SQL> --COMPILE A LIST OF ALL THE VIDEOGAME BEN AFFLECK, CATHERINE ZETA-JONES, EMMA WATSON, AND JOHNNY DEPP DID FROM 2006 TO 2010
SQL> SELECT mytable.primaryname || ',' || mytable.num_movies 
  2  FROM (SELECT NB.primaryname, COUNT(*) AS num_movies
  3        FROM imdb00.name_basics NB, imdb00.title_principals TP, imdb00.title_basics TB
  4        WHERE NB.nconst = TP.nconst AND
  5              TP.tconst = TB.tconst AND
  6              NB.nconst in ('nm0000255','nm0001876','nm0914612','nm0000136') AND
  7              LOWER(TB.titleType) = 'videogame' AND
  8              LOWER(TP.category) IN ('actor','actress') AND 
  9              TB.startyear NOT LIKE '\N' AND
 10              TB.startyear <= '2010' AND TB.startyear > '2005'
 11        GROUP BY NB.primaryname)mytable
 12  ORDER BY mytable.primaryname;

MYTABLE.PRIMARYNAME||','||MYTABLE.NUM_MOVIES                                                                                                                                                                                                                                                                                                                                                                                                                                                                                                                                                                                                                                                                                                                                                                                                                                                                                                                                                                                            
----------------------------------------------------------------------------------------------------------------------------------------------------------------------------------------------------------------------------------------------------------------------------------------------------------------------------------------------------------------------------------------------------------------------------------------------------------------------------------------------------------------------------------------------------------------------------------------------------------------------------------------------------------------------------------------------------------------------------------------------------------------------------------------------------------------------------------------------------------------------------------------------------------------------------------------------------------------------------------------------------------------------------------------
Johnny Depp,1

Elapsed: 00:00:03.702
SQL> 
SQL> --2015
SQL> --COMPILE A LIST OF ALL THE VIDEOGAME BEN AFFLECK, CATHERINE ZETA-JONES, EMMA WATSON, AND JOHNNY DEPP DID FROM 2011 TO 2015
SQL> 
SQL> SELECT mytable.primaryname || ',' || mytable.num_movies 
  2  FROM (SELECT NB.primaryname, COUNT(*) AS num_movies
  3        FROM imdb00.name_basics NB, imdb00.title_principals TP, imdb00.title_basics TB
  4        WHERE NB.nconst = TP.nconst AND
  5              TP.tconst = TB.tconst AND
  6              NB.nconst in ('nm0000255','nm0001876','nm0914612','nm0000136') AND
  7              LOWER(TB.titleType) = 'videogame' AND
  8              LOWER(TP.category) IN ('actor','actress') AND 
  9              TB.startyear NOT LIKE '\N' AND
 10              TB.startyear <= '2015' AND TB.startyear > '2010'
 11        GROUP BY NB.primaryname)mytable
 12  ORDER BY mytable.primaryname;

MYTABLE.PRIMARYNAME||','||MYTABLE.NUM_MOVIES                                                                                                                                                                                                                                                                                                                                                                                                                                                                                                                                                                                                                                                                                                                                                                                                                                                                                                                                                                                            
----------------------------------------------------------------------------------------------------------------------------------------------------------------------------------------------------------------------------------------------------------------------------------------------------------------------------------------------------------------------------------------------------------------------------------------------------------------------------------------------------------------------------------------------------------------------------------------------------------------------------------------------------------------------------------------------------------------------------------------------------------------------------------------------------------------------------------------------------------------------------------------------------------------------------------------------------------------------------------------------------------------------------------------
Johnny Depp,1

Elapsed: 00:00:03.806
SQL> 
SQL> --2020
SQL> --COMPILE A LIST OF ALL THE VIDEOGAME BEN AFFLECK, CATHERINE ZETA-JONES, EMMA WATSON, AND JOHNNY DEPP DID FROM 2016 TO 2020
SQL> SELECT mytable.primaryname || ',' || mytable.num_movies 
  2  FROM (SELECT NB.primaryname, COUNT(*) AS num_movies
  3        FROM imdb00.name_basics NB, imdb00.title_principals TP, imdb00.title_basics TB
  4        WHERE NB.nconst = TP.nconst AND
  5              TP.tconst = TB.tconst AND
  6              NB.nconst in ('nm0000255','nm0001876','nm0914612','nm0000136') AND
  7              LOWER(TB.titleType) = 'videogame' AND
  8              LOWER(TP.category) IN ('actor','actress') AND 
  9              TB.startyear NOT LIKE '\N' AND
 10              TB.startyear <= '2020' AND TB.startyear > '2015'
 11        GROUP BY NB.primaryname)mytable
 12  ORDER BY mytable.primaryname;
no rows selected
Elapsed: 00:00:03.727
SQL> 
SQL> --2020
SQL> --COMPILE A LIST OF ALL THE VIDEOGAME BEN AFFLECK, CATHERINE ZETA-JONES, EMMA WATSON, AND JOHNNY DEPP DID AFTER 2020
SQL> SELECT mytable.primaryname || ',' || mytable.num_movies 
  2  FROM (SELECT NB.primaryname, COUNT(*) AS num_movies
  3        FROM imdb00.name_basics NB, imdb00.title_principals TP, imdb00.title_basics TB
  4        WHERE NB.nconst = TP.nconst AND
  5              TP.tconst = TB.tconst AND
  6              NB.nconst in ('nm0000255','nm0001876','nm0914612','nm0000136') AND
  7              LOWER(TB.titleType) = 'videogame' AND
  8              LOWER(TP.category) IN ('actor','actress') AND 
  9              TB.startyear NOT LIKE '\N' AND
 10              TB.startyear >'2020' 
 11        GROUP BY NB.primaryname)mytable
 12  ORDER BY mytable.primaryname;
no rows selected
Elapsed: 00:00:03.672
SQL> -------------------------------------------------------------------------------------------------------------------------
SQL> --2005
SQL> -- PRIOR TO 2006, COMPILE A LIST OF ALL THE VIDEO BEN AFFLECK, CATHERINE ZETA-JONES, EMMA WATSON, AND JOHNNY DEPP DID.
SQL> 
SQL> SELECT mytable.primaryname|| ',' || mytable.num_movies 
  2  FROM (SELECT NB.primaryname,COUNT(*) AS num_movies
  3        FROM imdb00.name_basics NB, imdb00.title_principals TP, imdb00.title_basics TB
  4        WHERE NB.nconst = TP.nconst AND
  5              TP.tconst = TB.tconst AND
  6              NB.nconst in ('nm0000255','nm0001876','nm0914612','nm0000136') AND
  7              LOWER(TB.titleType) = 'video' AND
  8              LOWER(TP.category) IN ('actor','actress') AND 
  9              TB.startyear NOT LIKE '\N' AND
 10              TB.startyear <= '2005'
 11        GROUP BY NB.primaryname)mytable
 12  ORDER BY mytable.primaryname;

MYTABLE.PRIMARYNAME||','||MYTABLE.NUM_MOVIES                                                                                                                                                                                                                                                                                                                                                                                                                                                                                                                                                                                                                                                                                                                                                                                                                                                                                                                                                                                            
----------------------------------------------------------------------------------------------------------------------------------------------------------------------------------------------------------------------------------------------------------------------------------------------------------------------------------------------------------------------------------------------------------------------------------------------------------------------------------------------------------------------------------------------------------------------------------------------------------------------------------------------------------------------------------------------------------------------------------------------------------------------------------------------------------------------------------------------------------------------------------------------------------------------------------------------------------------------------------------------------------------------------------------
Ben Affleck,2
Catherine Zeta-Jones,1
Johnny Depp,3

Elapsed: 00:00:03.694
SQL> 
SQL> --2010
SQL> --COMPILE A LIST OF ALL THE VIDEO BEN AFFLECK, CATHERINE ZETA-JONES, EMMA WATSON, AND JOHNNY DEPP DID FROM 2006 TO 2010
SQL> SELECT mytable.primaryname || ',' || mytable.num_movies 
  2  FROM (SELECT NB.primaryname, COUNT(*) AS num_movies
  3        FROM imdb00.name_basics NB, imdb00.title_principals TP, imdb00.title_basics TB
  4        WHERE NB.nconst = TP.nconst AND
  5              TP.tconst = TB.tconst AND
  6              NB.nconst in ('nm0000255','nm0001876','nm0914612','nm0000136') AND
  7              LOWER(TB.titleType) = 'video' AND
  8              LOWER(TP.category) IN ('actor','actress') AND 
  9              TB.startyear NOT LIKE '\N' AND
 10              TB.startyear <= '2010' AND TB.startyear > '2005'
 11        GROUP BY NB.primaryname)mytable
 12  ORDER BY mytable.primaryname;

MYTABLE.PRIMARYNAME||','||MYTABLE.NUM_MOVIES                                                                                                                                                                                                                                                                                                                                                                                                                                                                                                                                                                                                                                                                                                                                                                                                                                                                                                                                                                                            
----------------------------------------------------------------------------------------------------------------------------------------------------------------------------------------------------------------------------------------------------------------------------------------------------------------------------------------------------------------------------------------------------------------------------------------------------------------------------------------------------------------------------------------------------------------------------------------------------------------------------------------------------------------------------------------------------------------------------------------------------------------------------------------------------------------------------------------------------------------------------------------------------------------------------------------------------------------------------------------------------------------------------------------
Ben Affleck,1

Elapsed: 00:00:03.679
SQL> 
SQL> --2015
SQL> --COMPILE A LIST OF ALL THE VIDEO BEN AFFLECK, CATHERINE ZETA-JONES, EMMA WATSON, AND JOHNNY DEPP DID FROM 2011 TO 2015
SQL> 
SQL> SELECT mytable.primaryname || ',' || mytable.num_movies 
  2  FROM (SELECT NB.primaryname, COUNT(*) AS num_movies
  3        FROM imdb00.name_basics NB, imdb00.title_principals TP, imdb00.title_basics TB
  4        WHERE NB.nconst = TP.nconst AND
  5              TP.tconst = TB.tconst AND
  6              NB.nconst in ('nm0000255','nm0001876','nm0914612','nm0000136') AND
  7              LOWER(TB.titleType) = 'video' AND
  8              LOWER(TP.category) IN ('actor','actress') AND 
  9              TB.startyear NOT LIKE '\N' AND
 10              TB.startyear <= '2015' AND TB.startyear > '2010'
 11        GROUP BY NB.primaryname)mytable
 12  ORDER BY mytable.primaryname;

MYTABLE.PRIMARYNAME||','||MYTABLE.NUM_MOVIES                                                                                                                                                                                                                                                                                                                                                                                                                                                                                                                                                                                                                                                                                                                                                                                                                                                                                                                                                                                            
----------------------------------------------------------------------------------------------------------------------------------------------------------------------------------------------------------------------------------------------------------------------------------------------------------------------------------------------------------------------------------------------------------------------------------------------------------------------------------------------------------------------------------------------------------------------------------------------------------------------------------------------------------------------------------------------------------------------------------------------------------------------------------------------------------------------------------------------------------------------------------------------------------------------------------------------------------------------------------------------------------------------------------------
Ben Affleck,1
Johnny Depp,1

Elapsed: 00:00:03.675
SQL> 
SQL> --2020
SQL> --COMPILE A LIST OF ALL THE VIDEO BEN AFFLECK, CATHERINE ZETA-JONES, EMMA WATSON, AND JOHNNY DEPP DID FROM 2016 TO 2020
SQL> SELECT mytable.primaryname || ',' || mytable.num_movies 
  2  FROM (SELECT NB.primaryname, COUNT(*) AS num_movies
  3        FROM imdb00.name_basics NB, imdb00.title_principals TP, imdb00.title_basics TB
  4        WHERE NB.nconst = TP.nconst AND
  5              TP.tconst = TB.tconst AND
  6              NB.nconst in ('nm0000255','nm0001876','nm0914612','nm0000136') AND
  7              LOWER(TB.titleType) = 'video' AND
  8              LOWER(TP.category) IN ('actor','actress') AND 
  9              TB.startyear NOT LIKE '\N' AND
 10              TB.startyear <= '2020' AND TB.startyear > '2015'
 11        GROUP BY NB.primaryname)mytable
 12  ORDER BY mytable.primaryname;

MYTABLE.PRIMARYNAME||','||MYTABLE.NUM_MOVIES                                                                                                                                                                                                                                                                                                                                                                                                                                                                                                                                                                                                                                                                                                                                                                                                                                                                                                                                                                                            
----------------------------------------------------------------------------------------------------------------------------------------------------------------------------------------------------------------------------------------------------------------------------------------------------------------------------------------------------------------------------------------------------------------------------------------------------------------------------------------------------------------------------------------------------------------------------------------------------------------------------------------------------------------------------------------------------------------------------------------------------------------------------------------------------------------------------------------------------------------------------------------------------------------------------------------------------------------------------------------------------------------------------------------
Johnny Depp,1

Elapsed: 00:00:03.684
SQL> 
SQL> --2020
SQL> --COMPILE A LIST OF ALL THE VIDEO BEN AFFLECK, CATHERINE ZETA-JONES, EMMA WATSON, AND JOHNNY DEPP DID AFTER 2020
SQL> SELECT mytable.primaryname || ',' || mytable.num_movies 
  2  FROM (SELECT NB.primaryname, COUNT(*) AS num_movies
  3        FROM imdb00.name_basics NB, imdb00.title_principals TP, imdb00.title_basics TB
  4        WHERE NB.nconst = TP.nconst AND
  5              TP.tconst = TB.tconst AND
  6              NB.nconst in ('nm0000255','nm0001876','nm0914612','nm0000136') AND
  7              LOWER(TB.titleType) = 'video' AND
  8              LOWER(TP.category) IN ('actor','actress') AND 
  9              TB.startyear NOT LIKE '\N' AND
 10              TB.startyear >'2020' 
 11        GROUP BY NB.primaryname)mytable
 12  ORDER BY mytable.primaryname;
no rows selected
Elapsed: 00:00:03.644
SQL> -----------------------------------------------------------------------------------------------------
SQL> --2005
SQL> -- PRIOR TO 2006, COMPILE A LIST OF ALL THE SHORT BEN AFFLECK, CATHERINE ZETA-JONES, EMMA WATSON, AND JOHNNY DEPP DID.
SQL> 
SQL> SELECT mytable.primaryname|| ',' || mytable.num_movies 
  2  FROM (SELECT NB.primaryname,COUNT(*) AS num_movies
  3        FROM imdb00.name_basics NB, imdb00.title_principals TP, imdb00.title_basics TB
  4        WHERE NB.nconst = TP.nconst AND
  5              TP.tconst = TB.tconst AND
  6              NB.nconst in ('nm0000255','nm0001876','nm0914612','nm0000136') AND
  7              LOWER(TB.titleType) = 'short' AND
  8              LOWER(TP.category) IN ('actor','actress') AND 
  9              TB.startyear NOT LIKE '\N' AND
 10              TB.startyear <= '2005'
 11        GROUP BY NB.primaryname)mytable
 12  ORDER BY mytable.primaryname;

MYTABLE.PRIMARYNAME||','||MYTABLE.NUM_MOVIES                                                                                                                                                                                                                                                                                                                                                                                                                                                                                                                                                                                                                                                                                                                                                                                                                                                                                                                                                                                            
----------------------------------------------------------------------------------------------------------------------------------------------------------------------------------------------------------------------------------------------------------------------------------------------------------------------------------------------------------------------------------------------------------------------------------------------------------------------------------------------------------------------------------------------------------------------------------------------------------------------------------------------------------------------------------------------------------------------------------------------------------------------------------------------------------------------------------------------------------------------------------------------------------------------------------------------------------------------------------------------------------------------------------------
Johnny Depp,6

Elapsed: 00:00:03.577
SQL> 
SQL> --2010
SQL> --COMPILE A LIST OF ALL THE SHORT BEN AFFLECK, CATHERINE ZETA-JONES, EMMA WATSON, AND JOHNNY DEPP DID FROM 2006 TO 2010
SQL> SELECT mytable.primaryname || ',' || mytable.num_movies 
  2  FROM (SELECT NB.primaryname, COUNT(*) AS num_movies
  3        FROM imdb00.name_basics NB, imdb00.title_principals TP, imdb00.title_basics TB
  4        WHERE NB.nconst = TP.nconst AND
  5              TP.tconst = TB.tconst AND
  6              NB.nconst in ('nm0000255','nm0001876','nm0914612','nm0000136') AND
  7              LOWER(TB.titleType) = 'short' AND
  8              LOWER(TP.category) IN ('actor','actress') AND 
  9              TB.startyear NOT LIKE '\N' AND
 10              TB.startyear <= '2010' AND TB.startyear > '2005'
 11        GROUP BY NB.primaryname)mytable
 12  ORDER BY mytable.primaryname;

MYTABLE.PRIMARYNAME||','||MYTABLE.NUM_MOVIES                                                                                                                                                                                                                                                                                                                                                                                                                                                                                                                                                                                                                                                                                                                                                                                                                                                                                                                                                                                            
----------------------------------------------------------------------------------------------------------------------------------------------------------------------------------------------------------------------------------------------------------------------------------------------------------------------------------------------------------------------------------------------------------------------------------------------------------------------------------------------------------------------------------------------------------------------------------------------------------------------------------------------------------------------------------------------------------------------------------------------------------------------------------------------------------------------------------------------------------------------------------------------------------------------------------------------------------------------------------------------------------------------------------------
Johnny Depp,1

Elapsed: 00:00:03.789
SQL> 
SQL> --2015
SQL> --COMPILE A LIST OF ALL THE SHORT BEN AFFLECK, CATHERINE ZETA-JONES, EMMA WATSON, AND JOHNNY DEPP DID FROM 2011 TO 2015
SQL> 
SQL> SELECT mytable.primaryname || ',' || mytable.num_movies 
  2  FROM (SELECT NB.primaryname, COUNT(*) AS num_movies
  3        FROM imdb00.name_basics NB, imdb00.title_principals TP, imdb00.title_basics TB
  4        WHERE NB.nconst = TP.nconst AND
  5              TP.tconst = TB.tconst AND
  6              NB.nconst in ('nm0000255','nm0001876','nm0914612','nm0000136') AND
  7              LOWER(TB.titleType) = 'short' AND
  8              LOWER(TP.category) IN ('actor','actress') AND 
  9              TB.startyear NOT LIKE '\N' AND
 10              TB.startyear <= '2015' AND TB.startyear > '2010'
 11        GROUP BY NB.primaryname)mytable
 12  ORDER BY mytable.primaryname;

MYTABLE.PRIMARYNAME||','||MYTABLE.NUM_MOVIES                                                                                                                                                                                                                                                                                                                                                                                                                                                                                                                                                                                                                                                                                                                                                                                                                                                                                                                                                                                            
----------------------------------------------------------------------------------------------------------------------------------------------------------------------------------------------------------------------------------------------------------------------------------------------------------------------------------------------------------------------------------------------------------------------------------------------------------------------------------------------------------------------------------------------------------------------------------------------------------------------------------------------------------------------------------------------------------------------------------------------------------------------------------------------------------------------------------------------------------------------------------------------------------------------------------------------------------------------------------------------------------------------------------------
Ben Affleck,1

Elapsed: 00:00:03.807
SQL> 
SQL> --2020
SQL> --COMPILE A LIST OF ALL THE SHORT BEN AFFLECK, CATHERINE ZETA-JONES, EMMA WATSON, AND JOHNNY DEPP DID FROM 2016 TO 2020
SQL> SELECT mytable.primaryname || ',' || mytable.num_movies 
  2  FROM (SELECT NB.primaryname, COUNT(*) AS num_movies
  3        FROM imdb00.name_basics NB, imdb00.title_principals TP, imdb00.title_basics TB
  4        WHERE NB.nconst = TP.nconst AND
  5              TP.tconst = TB.tconst AND
  6              NB.nconst in ('nm0000255','nm0001876','nm0914612','nm0000136') AND
  7              LOWER(TB.titleType) = 'short' AND
  8              LOWER(TP.category) IN ('actor','actress') AND 
  9              TB.startyear NOT LIKE '\N' AND
 10              TB.startyear <= '2020' AND TB.startyear > '2015'
 11        GROUP BY NB.primaryname)mytable
 12  ORDER BY mytable.primaryname;

MYTABLE.PRIMARYNAME||','||MYTABLE.NUM_MOVIES                                                                                                                                                                                                                                                                                                                                                                                                                                                                                                                                                                                                                                                                                                                                                                                                                                                                                                                                                                                            
----------------------------------------------------------------------------------------------------------------------------------------------------------------------------------------------------------------------------------------------------------------------------------------------------------------------------------------------------------------------------------------------------------------------------------------------------------------------------------------------------------------------------------------------------------------------------------------------------------------------------------------------------------------------------------------------------------------------------------------------------------------------------------------------------------------------------------------------------------------------------------------------------------------------------------------------------------------------------------------------------------------------------------------
Ben Affleck,1

Elapsed: 00:00:03.654
SQL> 
SQL> --2020
SQL> --COMPILE A LIST OF ALL THE SHORT BEN AFFLECK, CATHERINE ZETA-JONES, EMMA WATSON, AND JOHNNY DEPP DID AFTER 2020
SQL> SELECT mytable.primaryname || ',' || mytable.num_movies 
  2  FROM (SELECT NB.primaryname, COUNT(*) AS num_movies
  3        FROM imdb00.name_basics NB, imdb00.title_principals TP, imdb00.title_basics TB
  4        WHERE NB.nconst = TP.nconst AND
  5              TP.tconst = TB.tconst AND
  6              NB.nconst in ('nm0000255','nm0001876','nm0914612','nm0000136') AND
  7              LOWER(TB.titleType) = 'short' AND
  8              LOWER(TP.category) IN ('actor','actress') AND 
  9              TB.startyear NOT LIKE '\N' AND
 10              TB.startyear >'2020' 
 11        GROUP BY NB.primaryname)mytable
 12  ORDER BY mytable.primaryname;
no rows selected
Elapsed: 00:00:03.546
SQL> 
SQL> --------------------------------------------------------------------------------------------------------------------------
SQL> --2005
SQL> -- PRIOR TO 2006, COMPILE A LIST OF ALL THE TVSHORT BEN AFFLECK, CATHERINE ZETA-JONES, EMMA WATSON, AND JOHNNY DEPP DID.
SQL> 
SQL> SELECT mytable.primaryname|| ',' || mytable.num_movies 
  2  FROM (SELECT NB.primaryname,COUNT(*) AS num_movies
  3        FROM imdb00.name_basics NB, imdb00.title_principals TP, imdb00.title_basics TB
  4        WHERE NB.nconst = TP.nconst AND
  5              TP.tconst = TB.tconst AND
  6              NB.nconst in ('nm0000255','nm0001876','nm0914612','nm0000136') AND
  7              LOWER(TB.titleType) = 'tvshort' AND
  8              LOWER(TP.category) IN ('actor','actress') AND 
  9              TB.startyear NOT LIKE '\N' AND
 10              TB.startyear <= '2005'
 11        GROUP BY NB.primaryname)mytable
 12  ORDER BY mytable.primaryname;

MYTABLE.PRIMARYNAME||','||MYTABLE.NUM_MOVIES                                                                                                                                                                                                                                                                                                                                                                                                                                                                                                                                                                                                                                                                                                                                                                                                                                                                                                                                                                                            
----------------------------------------------------------------------------------------------------------------------------------------------------------------------------------------------------------------------------------------------------------------------------------------------------------------------------------------------------------------------------------------------------------------------------------------------------------------------------------------------------------------------------------------------------------------------------------------------------------------------------------------------------------------------------------------------------------------------------------------------------------------------------------------------------------------------------------------------------------------------------------------------------------------------------------------------------------------------------------------------------------------------------------------
Ben Affleck,1

Elapsed: 00:00:03.799
SQL> 
SQL> --2010
SQL> --COMPILE A LIST OF ALL THE TVSHORT BEN AFFLECK, CATHERINE ZETA-JONES, EMMA WATSON, AND JOHNNY DEPP DID FROM 2006 TO 2010
SQL> SELECT mytable.primaryname || ',' || mytable.num_movies 
  2  FROM (SELECT NB.primaryname, COUNT(*) AS num_movies
  3        FROM imdb00.name_basics NB, imdb00.title_principals TP, imdb00.title_basics TB
  4        WHERE NB.nconst = TP.nconst AND
  5              TP.tconst = TB.tconst AND
  6              NB.nconst in ('nm0000255','nm0001876','nm0914612','nm0000136') AND
  7              LOWER(TB.titleType) = 'tvshort' AND
  8              LOWER(TP.category) IN ('actor','actress') AND 
  9              TB.startyear NOT LIKE '\N' AND
 10              TB.startyear <= '2010' AND TB.startyear > '2005'
 11        GROUP BY NB.primaryname)mytable
 12  ORDER BY mytable.primaryname;
no rows selected
Elapsed: 00:00:03.659
SQL> 
SQL> --2015
SQL> --COMPILE A LIST OF ALL THE TVSHORT BEN AFFLECK, CATHERINE ZETA-JONES, EMMA WATSON, AND JOHNNY DEPP DID FROM 2011 TO 2015
SQL> 
SQL> SELECT mytable.primaryname || ',' || mytable.num_movies 
  2  FROM (SELECT NB.primaryname, COUNT(*) AS num_movies
  3        FROM imdb00.name_basics NB, imdb00.title_principals TP, imdb00.title_basics TB
  4        WHERE NB.nconst = TP.nconst AND
  5              TP.tconst = TB.tconst AND
  6              NB.nconst in ('nm0000255','nm0001876','nm0914612','nm0000136') AND
  7              LOWER(TB.titleType) = 'tvshort' AND
  8              LOWER(TP.category) IN ('actor','actress') AND 
  9              TB.startyear NOT LIKE '\N' AND
 10              TB.startyear <= '2015' AND TB.startyear > '2010'
 11        GROUP BY NB.primaryname)mytable
 12  ORDER BY mytable.primaryname;
no rows selected
Elapsed: 00:00:03.567
SQL> 
SQL> --2020
SQL> --COMPILE A LIST OF ALL THE TVSHORT BEN AFFLECK, CATHERINE ZETA-JONES, EMMA WATSON, AND JOHNNY DEPP DID FROM 2016 TO 2020
SQL> SELECT mytable.primaryname || ',' || mytable.num_movies 
  2  FROM (SELECT NB.primaryname, COUNT(*) AS num_movies
  3        FROM imdb00.name_basics NB, imdb00.title_principals TP, imdb00.title_basics TB
  4        WHERE NB.nconst = TP.nconst AND
  5              TP.tconst = TB.tconst AND
  6              NB.nconst in ('nm0000255','nm0001876','nm0914612','nm0000136') AND
  7              LOWER(TB.titleType) = 'tvshort' AND
  8              LOWER(TP.category) IN ('actor','actress') AND 
  9              TB.startyear NOT LIKE '\N' AND
 10              TB.startyear <= '2020' AND TB.startyear > '2015'
 11        GROUP BY NB.primaryname)mytable
 12  ORDER BY mytable.primaryname;
no rows selected
Elapsed: 00:00:03.574
SQL> 
SQL> --2020
SQL> --COMPILE A LIST OF ALL THE TVSHORT BEN AFFLECK, CATHERINE ZETA-JONES, EMMA WATSON, AND JOHNNY DEPP DID AFTER 2020
SQL> SELECT mytable.primaryname || ',' || mytable.num_movies 
  2  FROM (SELECT NB.primaryname, COUNT(*) AS num_movies
  3        FROM imdb00.name_basics NB, imdb00.title_principals TP, imdb00.title_basics TB
  4        WHERE NB.nconst = TP.nconst AND
  5              TP.tconst = TB.tconst AND
  6              NB.nconst in ('nm0000255','nm0001876','nm0914612','nm0000136') AND
  7              LOWER(TB.titleType) = 'tvshort' AND
  8              LOWER(TP.category) IN ('actor','actress') AND 
  9              TB.startyear NOT LIKE '\N' AND
 10              TB.startyear >'2020' 
 11        GROUP BY NB.primaryname)mytable
 12  ORDER BY mytable.primaryname;
no rows selected
Elapsed: 00:00:03.880
SQL> 
SQL> ----------------------------------------------------------------------------------------------------------------------------
SQL> --2005
SQL> -- PRIOR TO 2006, COMPILE A LIST OF ALL THE TVEPISODE BEN AFFLECK, CATHERINE ZETA-JONES, EMMA WATSON, AND JOHNNY DEPP DID.
SQL> 
SQL> SELECT mytable.primaryname|| ',' || mytable.num_movies 
  2  FROM (SELECT NB.primaryname,COUNT(*) AS num_movies
  3        FROM imdb00.name_basics NB, imdb00.title_principals TP, imdb00.title_basics TB
  4        WHERE NB.nconst = TP.nconst AND
  5              TP.tconst = TB.tconst AND
  6              NB.nconst in ('nm0000255','nm0001876','nm0914612','nm0000136') AND
  7              LOWER(TB.titleType) = 'tvepisode' AND
  8              LOWER(TP.category) IN ('actor','actress') AND 
  9              TB.startyear NOT LIKE '\N' AND
 10              TB.startyear <= '2005'
 11        GROUP BY NB.primaryname)mytable
 12  ORDER BY mytable.primaryname;

MYTABLE.PRIMARYNAME||','||MYTABLE.NUM_MOVIES                                                                                                                                                                                                                                                                                                                                                                                                                                                                                                                                                                                                                                                                                                                                                                                                                                                                                                                                                                                            
----------------------------------------------------------------------------------------------------------------------------------------------------------------------------------------------------------------------------------------------------------------------------------------------------------------------------------------------------------------------------------------------------------------------------------------------------------------------------------------------------------------------------------------------------------------------------------------------------------------------------------------------------------------------------------------------------------------------------------------------------------------------------------------------------------------------------------------------------------------------------------------------------------------------------------------------------------------------------------------------------------------------------------------
Ben Affleck,10
Catherine Zeta-Jones,24
Johnny Depp,83

Elapsed: 00:00:03.702
SQL> 
SQL> --2010
SQL> --COMPILE A LIST OF ALL THE TVEPISODE BEN AFFLECK, CATHERINE ZETA-JONES, EMMA WATSON, AND JOHNNY DEPP DID FROM 2006 TO 2010
SQL> SELECT mytable.primaryname || ',' || mytable.num_movies 
  2  FROM (SELECT NB.primaryname, COUNT(*) AS num_movies
  3        FROM imdb00.name_basics NB, imdb00.title_principals TP, imdb00.title_basics TB
  4        WHERE NB.nconst = TP.nconst AND
  5              TP.tconst = TB.tconst AND
  6              NB.nconst in ('nm0000255','nm0001876','nm0914612','nm0000136') AND
  7              LOWER(TB.titleType) = 'tvepisode' AND
  8              LOWER(TP.category) IN ('actor','actress') AND 
  9              TB.startyear NOT LIKE '\N' AND
 10              TB.startyear <= '2010' AND TB.startyear > '2005'
 11        GROUP BY NB.primaryname)mytable
 12  ORDER BY mytable.primaryname;

MYTABLE.PRIMARYNAME||','||MYTABLE.NUM_MOVIES                                                                                                                                                                                                                                                                                                                                                                                                                                                                                                                                                                                                                                                                                                                                                                                                                                                                                                                                                                                            
----------------------------------------------------------------------------------------------------------------------------------------------------------------------------------------------------------------------------------------------------------------------------------------------------------------------------------------------------------------------------------------------------------------------------------------------------------------------------------------------------------------------------------------------------------------------------------------------------------------------------------------------------------------------------------------------------------------------------------------------------------------------------------------------------------------------------------------------------------------------------------------------------------------------------------------------------------------------------------------------------------------------------------------
Ben Affleck,2
Johnny Depp,1

Elapsed: 00:00:03.778
SQL> 
SQL> --2015
SQL> --COMPILE A LIST OF ALL THE TVEPISODE BEN AFFLECK, CATHERINE ZETA-JONES, EMMA WATSON, AND JOHNNY DEPP DID FROM 2011 TO 2015
SQL> 
SQL> SELECT mytable.primaryname || ',' || mytable.num_movies 
  2  FROM (SELECT NB.primaryname, COUNT(*) AS num_movies
  3        FROM imdb00.name_basics NB, imdb00.title_principals TP, imdb00.title_basics TB
  4        WHERE NB.nconst = TP.nconst AND
  5              TP.tconst = TB.tconst AND
  6              NB.nconst in ('nm0000255','nm0001876','nm0914612','nm0000136') AND
  7              LOWER(TB.titleType) = 'tvepisode' AND
  8              LOWER(TP.category) IN ('actor','actress') AND 
  9              TB.startyear NOT LIKE '\N' AND
 10              TB.startyear <= '2015' AND TB.startyear > '2010'
 11        GROUP BY NB.primaryname)mytable
 12  ORDER BY mytable.primaryname;

MYTABLE.PRIMARYNAME||','||MYTABLE.NUM_MOVIES                                                                                                                                                                                                                                                                                                                                                                                                                                                                                                                                                                                                                                                                                                                                                                                                                                                                                                                                                                                            
----------------------------------------------------------------------------------------------------------------------------------------------------------------------------------------------------------------------------------------------------------------------------------------------------------------------------------------------------------------------------------------------------------------------------------------------------------------------------------------------------------------------------------------------------------------------------------------------------------------------------------------------------------------------------------------------------------------------------------------------------------------------------------------------------------------------------------------------------------------------------------------------------------------------------------------------------------------------------------------------------------------------------------------
Ben Affleck,1
Johnny Depp,1

Elapsed: 00:00:03.881
SQL> 
SQL> --2020
SQL> --COMPILE A LIST OF ALL THE TVEPISODE BEN AFFLECK, CATHERINE ZETA-JONES, EMMA WATSON, AND JOHNNY DEPP DID FROM 2016 TO 2020
SQL> SELECT mytable.primaryname || ',' || mytable.num_movies 
  2  FROM (SELECT NB.primaryname, COUNT(*) AS num_movies
  3        FROM imdb00.name_basics NB, imdb00.title_principals TP, imdb00.title_basics TB
  4        WHERE NB.nconst = TP.nconst AND
  5              TP.tconst = TB.tconst AND
  6              NB.nconst in ('nm0000255','nm0001876','nm0914612','nm0000136') AND
  7              LOWER(TB.titleType) = 'tvepisode' AND
  8              LOWER(TP.category) IN ('actor','actress') AND 
  9              TB.startyear NOT LIKE '\N' AND
 10              TB.startyear <= '2020' AND TB.startyear > '2015'
 11        GROUP BY NB.primaryname)mytable
 12  ORDER BY mytable.primaryname;

MYTABLE.PRIMARYNAME||','||MYTABLE.NUM_MOVIES                                                                                                                                                                                                                                                                                                                                                                                                                                                                                                                                                                                                                                                                                                                                                                                                                                                                                                                                                                                            
----------------------------------------------------------------------------------------------------------------------------------------------------------------------------------------------------------------------------------------------------------------------------------------------------------------------------------------------------------------------------------------------------------------------------------------------------------------------------------------------------------------------------------------------------------------------------------------------------------------------------------------------------------------------------------------------------------------------------------------------------------------------------------------------------------------------------------------------------------------------------------------------------------------------------------------------------------------------------------------------------------------------------------------
Catherine Zeta-Jones,8
Johnny Depp,1

Elapsed: 00:00:03.681
SQL> 
SQL> --2020
SQL> --COMPILE A LIST OF ALL THE TVEPISODE BEN AFFLECK, CATHERINE ZETA-JONES, EMMA WATSON, AND JOHNNY DEPP DID AFTER 2020
SQL> SELECT mytable.primaryname || ',' || mytable.num_movies 
  2  FROM (SELECT NB.primaryname, COUNT(*) AS num_movies
  3        FROM imdb00.name_basics NB, imdb00.title_principals TP, imdb00.title_basics TB
  4        WHERE NB.nconst = TP.nconst AND
  5              TP.tconst = TB.tconst AND
  6              NB.nconst in ('nm0000255','nm0001876','nm0914612','nm0000136') AND
  7              LOWER(TB.titleType) = 'tvepisode' AND
  8              LOWER(TP.category) IN ('actor','actress') AND 
  9              TB.startyear NOT LIKE '\N' AND
 10              TB.startyear >'2020' 
 11        GROUP BY NB.primaryname)mytable
 12  ORDER BY mytable.primaryname;

MYTABLE.PRIMARYNAME||','||MYTABLE.NUM_MOVIES                                                                                                                                                                                                                                                                                                                                                                                                                                                                                                                                                                                                                                                                                                                                                                                                                                                                                                                                                                                            
----------------------------------------------------------------------------------------------------------------------------------------------------------------------------------------------------------------------------------------------------------------------------------------------------------------------------------------------------------------------------------------------------------------------------------------------------------------------------------------------------------------------------------------------------------------------------------------------------------------------------------------------------------------------------------------------------------------------------------------------------------------------------------------------------------------------------------------------------------------------------------------------------------------------------------------------------------------------------------------------------------------------------------------
Catherine Zeta-Jones,1
Johnny Depp,8

Elapsed: 00:00:03.672
SQL> ----------------------------------------------------------------------------------------------------------------------------------
SQL> --2005
SQL> -- PRIOR TO 2006, COMPILE A LIST OF ALL THE tvMOVIES BEN AFFLECK, CATHERINE ZETA-JONES, EMMA WATSON, AND JOHNNY DEPP DID.
SQL> 
SQL> SELECT mytable.primaryname|| ',' || mytable.num_tvMovies 
  2  FROM (SELECT NB.primaryname,COUNT(*) AS num_tvMovies
  3        FROM imdb00.name_basics NB, imdb00.title_principals TP, imdb00.title_basics TB
  4        WHERE NB.nconst = TP.nconst AND
  5              TP.tconst = TB.tconst AND
  6              NB.nconst in ('nm0000255','nm0001876','nm0914612','nm0000136') AND
  7              LOWER(TB.titleType) = 'tvMovie' AND
  8              LOWER(TP.category) IN ('actor','actress') AND 
  9              TB.startyear NOT LIKE '\N' AND
 10              TB.startyear <= '2005'
 11        GROUP BY NB.primaryname)mytable
 12  ORDER BY mytable.primaryname;
no rows selected
Elapsed: 00:00:03.564
SQL> 
SQL> --2010
SQL> --COMPILE A LIST OF ALL THE tvMOVIES BEN AFFLECK, CATHERINE ZETA-JONES, EMMA WATSON, AND JOHNNY DEPP DID FROM 2006 TO 2010
SQL> SELECT mytable.primaryname || ',' || mytable.num_tvMovies 
  2  FROM (SELECT NB.primaryname, COUNT(*) AS num_tvMovies
  3        FROM imdb00.name_basics NB, imdb00.title_principals TP, imdb00.title_basics TB
  4        WHERE NB.nconst = TP.nconst AND
  5              TP.tconst = TB.tconst AND
  6              NB.nconst in ('nm0000255','nm0001876','nm0914612','nm0000136') AND
  7              LOWER(TB.titleType) = 'tvMovie' AND
  8              LOWER(TP.category) IN ('actor','actress') AND 
  9              TB.startyear NOT LIKE '\N' AND
 10              TB.startyear <= '2010' AND TB.startyear > '2005'
 11        GROUP BY NB.primaryname)mytable
 12  ORDER BY mytable.primaryname;
no rows selected
Elapsed: 00:00:03.536
SQL> 
SQL> --2015
SQL> --COMPILE A LIST OF ALL THE tvMOVIES BEN AFFLECK, CATHERINE ZETA-JONES, EMMA WATSON, AND JOHNNY DEPP DID FROM 2011 TO 2015
SQL> 
SQL> SELECT mytable.primaryname || ',' || mytable.num_tvMovies 
  2  FROM (SELECT NB.primaryname, COUNT(*) AS num_tvMovies
  3        FROM imdb00.name_basics NB, imdb00.title_principals TP, imdb00.title_basics TB
  4        WHERE NB.nconst = TP.nconst AND
  5              TP.tconst = TB.tconst AND
  6              NB.nconst in ('nm0000255','nm0001876','nm0914612','nm0000136') AND
  7              LOWER(TB.titleType) = 'tvMovie' AND
  8              LOWER(TP.category) IN ('actor','actress') AND 
  9              TB.startyear NOT LIKE '\N' AND
 10              TB.startyear <= '2015' AND TB.startyear > '2010'
 11        GROUP BY NB.primaryname)mytable
 12  ORDER BY mytable.primaryname;
no rows selected
Elapsed: 00:00:03.580
SQL> 
SQL> --2020
SQL> --COMPILE A LIST OF ALL THE tvMOVIES BEN AFFLECK, CATHERINE ZETA-JONES, EMMA WATSON, AND JOHNNY DEPP DID FROM 2016 TO 2020
SQL> SELECT mytable.primaryname || ',' || mytable.num_tvMovies 
  2  FROM (SELECT NB.primaryname, COUNT(*) AS num_tvMovies
  3        FROM imdb00.name_basics NB, imdb00.title_principals TP, imdb00.title_basics TB
  4        WHERE NB.nconst = TP.nconst AND
  5              TP.tconst = TB.tconst AND
  6              NB.nconst in ('nm0000255','nm0001876','nm0914612','nm0000136') AND
  7              LOWER(TB.titleType) = 'tvMovie' AND
  8              LOWER(TP.category) IN ('actor','actress') AND 
  9              TB.startyear NOT LIKE '\N' AND
 10              TB.startyear <= '2020' AND TB.startyear > '2015'
 11        GROUP BY NB.primaryname)mytable
 12  ORDER BY mytable.primaryname;
no rows selected
Elapsed: 00:00:03.624
SQL> 
SQL> --2020
SQL> --COMPILE A LIST OF ALL THE tvMOVIES BEN AFFLECK, CATHERINE ZETA-JONES, EMMA WATSON, AND JOHNNY DEPP DID AFTER 2020
SQL> SELECT mytable.primaryname || ',' || mytable.num_tvMovies 
  2  FROM (SELECT NB.primaryname, COUNT(*) AS num_tvMovies
  3        FROM imdb00.name_basics NB, imdb00.title_principals TP, imdb00.title_basics TB
  4        WHERE NB.nconst = TP.nconst AND
  5              TP.tconst = TB.tconst AND
  6              NB.nconst in ('nm0000255','nm0001876','nm0914612','nm0000136') AND
  7              LOWER(TB.titleType) = 'tvMovie' AND
  8              LOWER(TP.category) IN ('actor','actress') AND 
  9              TB.startyear NOT LIKE '\N' AND
 10              TB.startyear >'2020' 
 11        GROUP BY NB.primaryname)mytable
 12  ORDER BY mytable.primaryname;
no rows selected
Elapsed: 00:00:03.566
SQL> ----------------------------------------------------------------------------------------------------------------------------------
SQL> --2005
SQL> -- PRIOR TO 2006, COMPILE A LIST OF ALL THE TVMINISERIES BEN AFFLECK, CATHERINE ZETA-JONES, EMMA WATSON, AND JOHNNY DEPP DID.
SQL> 
SQL> SELECT mytable.primaryname|| ',' || mytable.num_movies 
  2  FROM (SELECT NB.primaryname,COUNT(*) AS num_movies
  3        FROM imdb00.name_basics NB, imdb00.title_principals TP, imdb00.title_basics TB
  4        WHERE NB.nconst = TP.nconst AND
  5              TP.tconst = TB.tconst AND
  6              NB.nconst in ('nm0000255','nm0001876','nm0914612','nm0000136') AND
  7              LOWER(TB.titleType) = 'tvminiseries' AND
  8              LOWER(TP.category) IN ('actor','actress') AND 
  9              TB.startyear NOT LIKE '\N' AND
 10              TB.startyear <= '2005'
 11        GROUP BY NB.primaryname)mytable
 12  ORDER BY mytable.primaryname;

MYTABLE.PRIMARYNAME||','||MYTABLE.NUM_MOVIES                                                                                                                                                                                                                                                                                                                                                                                                                                                                                                                                                                                                                                                                                                                                                                                                                                                                                                                                                                                            
----------------------------------------------------------------------------------------------------------------------------------------------------------------------------------------------------------------------------------------------------------------------------------------------------------------------------------------------------------------------------------------------------------------------------------------------------------------------------------------------------------------------------------------------------------------------------------------------------------------------------------------------------------------------------------------------------------------------------------------------------------------------------------------------------------------------------------------------------------------------------------------------------------------------------------------------------------------------------------------------------------------------------------------
Catherine Zeta-Jones,2

Elapsed: 00:00:03.702
SQL> 
SQL> --2010
SQL> --COMPILE A LIST OF ALL THE TVMINISERIES BEN AFFLECK, CATHERINE ZETA-JONES, EMMA WATSON, AND JOHNNY DEPP DID FROM 2006 TO 2010
SQL> SELECT mytable.primaryname || ',' || mytable.num_movies 
  2  FROM (SELECT NB.primaryname, COUNT(*) AS num_movies
  3        FROM imdb00.name_basics NB, imdb00.title_principals TP, imdb00.title_basics TB
  4        WHERE NB.nconst = TP.nconst AND
  5              TP.tconst = TB.tconst AND
  6              NB.nconst in ('nm0000255','nm0001876','nm0914612','nm0000136') AND
  7              LOWER(TB.titleType) = 'tvminiseries' AND
  8              LOWER(TP.category) IN ('actor','actress') AND 
  9              TB.startyear NOT LIKE '\N' AND
 10              TB.startyear <= '2010' AND TB.startyear > '2005'
 11        GROUP BY NB.primaryname)mytable
 12  ORDER BY mytable.primaryname;

MYTABLE.PRIMARYNAME||','||MYTABLE.NUM_MOVIES                                                                                                                                                                                                                                                                                                                                                                                                                                                                                                                                                                                                                                                                                                                                                                                                                                                                                                                                                                                            
----------------------------------------------------------------------------------------------------------------------------------------------------------------------------------------------------------------------------------------------------------------------------------------------------------------------------------------------------------------------------------------------------------------------------------------------------------------------------------------------------------------------------------------------------------------------------------------------------------------------------------------------------------------------------------------------------------------------------------------------------------------------------------------------------------------------------------------------------------------------------------------------------------------------------------------------------------------------------------------------------------------------------------------
Ben Affleck,1

Elapsed: 00:00:03.780
SQL> 
SQL> --2015
SQL> --COMPILE A LIST OF ALL THE TVMINISERIES BEN AFFLECK, CATHERINE ZETA-JONES, EMMA WATSON, AND JOHNNY DEPP DID FROM 2011 TO 2015
SQL> 
SQL> SELECT mytable.primaryname || ',' || mytable.num_movies 
  2  FROM (SELECT NB.primaryname, COUNT(*) AS num_movies
  3        FROM imdb00.name_basics NB, imdb00.title_principals TP, imdb00.title_basics TB
  4        WHERE NB.nconst = TP.nconst AND
  5              TP.tconst = TB.tconst AND
  6              NB.nconst in ('nm0000255','nm0001876','nm0914612','nm0000136') AND
  7              LOWER(TB.titleType) = 'tvminiseries' AND
  8              LOWER(TP.category) IN ('actor','actress') AND 
  9              TB.startyear NOT LIKE '\N' AND
 10              TB.startyear <= '2015' AND TB.startyear > '2010'
 11        GROUP BY NB.primaryname)mytable
 12  ORDER BY mytable.primaryname;
no rows selected
Elapsed: 00:00:03.600
SQL> 
SQL> --2020
SQL> --COMPILE A LIST OF ALL THE TVMINISERIES BEN AFFLECK, CATHERINE ZETA-JONES, EMMA WATSON, AND JOHNNY DEPP DID FROM 2016 TO 2020
SQL> SELECT mytable.primaryname || ',' || mytable.num_movies 
  2  FROM (SELECT NB.primaryname, COUNT(*) AS num_movies
  3        FROM imdb00.name_basics NB, imdb00.title_principals TP, imdb00.title_basics TB
  4        WHERE NB.nconst = TP.nconst AND
  5              TP.tconst = TB.tconst AND
  6              NB.nconst in ('nm0000255','nm0001876','nm0914612','nm0000136') AND
  7              LOWER(TB.titleType) = 'tvminiseries' AND
  8              LOWER(TP.category) IN ('actor','actress') AND 
  9              TB.startyear NOT LIKE '\N' AND
 10              TB.startyear <= '2020' AND TB.startyear > '2015'
 11        GROUP BY NB.primaryname)mytable
 12  ORDER BY mytable.primaryname;

MYTABLE.PRIMARYNAME||','||MYTABLE.NUM_MOVIES                                                                                                                                                                                                                                                                                                                                                                                                                                                                                                                                                                                                                                                                                                                                                                                                                                                                                                                                                                                            
----------------------------------------------------------------------------------------------------------------------------------------------------------------------------------------------------------------------------------------------------------------------------------------------------------------------------------------------------------------------------------------------------------------------------------------------------------------------------------------------------------------------------------------------------------------------------------------------------------------------------------------------------------------------------------------------------------------------------------------------------------------------------------------------------------------------------------------------------------------------------------------------------------------------------------------------------------------------------------------------------------------------------------------
Johnny Depp,1

Elapsed: 00:00:03.670
SQL> 
SQL> --2020
SQL> --COMPILE A LIST OF ALL THE TVMINISERIES BEN AFFLECK, CATHERINE ZETA-JONES, EMMA WATSON, AND JOHNNY DEPP DID AFTER 2020
SQL> SELECT mytable.primaryname || ',' || mytable.num_movies 
  2  FROM (SELECT NB.primaryname, COUNT(*) AS num_movies
  3        FROM imdb00.name_basics NB, imdb00.title_principals TP, imdb00.title_basics TB
  4        WHERE NB.nconst = TP.nconst AND
  5              TP.tconst = TB.tconst AND
  6              NB.nconst in ('nm0000255','nm0001876','nm0914612','nm0000136') AND
  7              LOWER(TB.titleType) = 'tvminiseries' AND
  8              LOWER(TP.category) IN ('actor','actress') AND 
  9              TB.startyear NOT LIKE '\N' AND
 10              TB.startyear >'2020' 
 11        GROUP BY NB.primaryname)mytable
 12  ORDER BY mytable.primaryname;

MYTABLE.PRIMARYNAME||','||MYTABLE.NUM_MOVIES                                                                                                                                                                                                                                                                                                                                                                                                                                                                                                                                                                                                                                                                                                                                                                                                                                                                                                                                                                                            
----------------------------------------------------------------------------------------------------------------------------------------------------------------------------------------------------------------------------------------------------------------------------------------------------------------------------------------------------------------------------------------------------------------------------------------------------------------------------------------------------------------------------------------------------------------------------------------------------------------------------------------------------------------------------------------------------------------------------------------------------------------------------------------------------------------------------------------------------------------------------------------------------------------------------------------------------------------------------------------------------------------------------------------
Johnny Depp,1

Elapsed: 00:00:03.740
SQL> ----------------------------------------------------------------------------------------------------------------------------------
SQL> --2005
SQL> -- PRIOR TO 2006, COMPILE A LIST OF ALL THE TVSERIES BEN AFFLECK, CATHERINE ZETA-JONES, EMMA WATSON, AND JOHNNY DEPP DID.
SQL> 
SQL> SELECT mytable.primaryname|| ',' || mytable.num_movies 
  2  FROM (SELECT NB.primaryname,COUNT(*) AS num_movies
  3        FROM imdb00.name_basics NB, imdb00.title_principals TP, imdb00.title_basics TB
  4        WHERE NB.nconst = TP.nconst AND
  5              TP.tconst = TB.tconst AND
  6              NB.nconst in ('nm0000255','nm0001876','nm0914612','nm0000136') AND
  7              LOWER(TB.titleType) = 'tvseries' AND
  8              LOWER(TP.category) IN ('actor','actress') AND 
  9              TB.startyear NOT LIKE '\N' AND
 10              TB.startyear <= '2005'
 11        GROUP BY NB.primaryname)mytable
 12  ORDER BY mytable.primaryname;

MYTABLE.PRIMARYNAME||','||MYTABLE.NUM_MOVIES                                                                                                                                                                                                                                                                                                                                                                                                                                                                                                                                                                                                                                                                                                                                                                                                                                                                                                                                                                                            
----------------------------------------------------------------------------------------------------------------------------------------------------------------------------------------------------------------------------------------------------------------------------------------------------------------------------------------------------------------------------------------------------------------------------------------------------------------------------------------------------------------------------------------------------------------------------------------------------------------------------------------------------------------------------------------------------------------------------------------------------------------------------------------------------------------------------------------------------------------------------------------------------------------------------------------------------------------------------------------------------------------------------------------
Ben Affleck,4
Catherine Zeta-Jones,1
Johnny Depp,1

Elapsed: 00:00:03.561
SQL> 
SQL> --2010
SQL> --COMPILE A LIST OF ALL THE TVSERIES BEN AFFLECK, CATHERINE ZETA-JONES, EMMA WATSON, AND JOHNNY DEPP DID FROM 2006 TO 2010
SQL> SELECT mytable.primaryname || ',' || mytable.num_movies 
  2  FROM (SELECT NB.primaryname, COUNT(*) AS num_movies
  3        FROM imdb00.name_basics NB, imdb00.title_principals TP, imdb00.title_basics TB
  4        WHERE NB.nconst = TP.nconst AND
  5              TP.tconst = TB.tconst AND
  6              NB.nconst in ('nm0000255','nm0001876','nm0914612','nm0000136') AND
  7              LOWER(TB.titleType) = 'tvseries' AND
  8              LOWER(TP.category) IN ('actor','actress') AND 
  9              TB.startyear NOT LIKE '\N' AND
 10              TB.startyear <= '2010' AND TB.startyear > '2005'
 11        GROUP BY NB.primaryname)mytable
 12  ORDER BY mytable.primaryname;
no rows selected
Elapsed: 00:00:03.529
SQL> 
SQL> --2015
SQL> --COMPILE A LIST OF ALL THE TVSERIES BEN AFFLECK, CATHERINE ZETA-JONES, EMMA WATSON, AND JOHNNY DEPP DID FROM 2011 TO 2015
SQL> 
SQL> SELECT mytable.primaryname || ',' || mytable.num_movies 
  2  FROM (SELECT NB.primaryname, COUNT(*) AS num_movies
  3        FROM imdb00.name_basics NB, imdb00.title_principals TP, imdb00.title_basics TB
  4        WHERE NB.nconst = TP.nconst AND
  5              TP.tconst = TB.tconst AND
  6              NB.nconst in ('nm0000255','nm0001876','nm0914612','nm0000136') AND
  7              LOWER(TB.titleType) = 'tvseries' AND
  8              LOWER(TP.category) IN ('actor','actress') AND 
  9              TB.startyear NOT LIKE '\N' AND
 10              TB.startyear <= '2015' AND TB.startyear > '2010'
 11        GROUP BY NB.primaryname)mytable
 12  ORDER BY mytable.primaryname;
no rows selected
Elapsed: 00:00:03.622
SQL> 
SQL> --2020
SQL> --COMPILE A LIST OF ALL THE TVSERIES BEN AFFLECK, CATHERINE ZETA-JONES, EMMA WATSON, AND JOHNNY DEPP DID FROM 2016 TO 2020
SQL> SELECT mytable.primaryname || ',' || mytable.num_movies 
  2  FROM (SELECT NB.primaryname, COUNT(*) AS num_movies
  3        FROM imdb00.name_basics NB, imdb00.title_principals TP, imdb00.title_basics TB
  4        WHERE NB.nconst = TP.nconst AND
  5              TP.tconst = TB.tconst AND
  6              NB.nconst in ('nm0000255','nm0001876','nm0914612','nm0000136') AND
  7              LOWER(TB.titleType) = 'tvseries' AND
  8              LOWER(TP.category) IN ('actor','actress') AND 
  9              TB.startyear NOT LIKE '\N' AND
 10              TB.startyear <= '2020' AND TB.startyear > '2015'
 11        GROUP BY NB.primaryname)mytable
 12  ORDER BY mytable.primaryname;

MYTABLE.PRIMARYNAME||','||MYTABLE.NUM_MOVIES                                                                                                                                                                                                                                                                                                                                                                                                                                                                                                                                                                                                                                                                                                                                                                                                                                                                                                                                                                                            
----------------------------------------------------------------------------------------------------------------------------------------------------------------------------------------------------------------------------------------------------------------------------------------------------------------------------------------------------------------------------------------------------------------------------------------------------------------------------------------------------------------------------------------------------------------------------------------------------------------------------------------------------------------------------------------------------------------------------------------------------------------------------------------------------------------------------------------------------------------------------------------------------------------------------------------------------------------------------------------------------------------------------------------
Catherine Zeta-Jones,1

Elapsed: 00:00:03.687
SQL> 
SQL> --2020
SQL> --COMPILE A LIST OF ALL THE TVSERIES BEN AFFLECK, CATHERINE ZETA-JONES, EMMA WATSON, AND JOHNNY DEPP DID AFTER 2020
SQL> SELECT mytable.primaryname || ',' || mytable.num_movies 
  2  FROM (SELECT NB.primaryname, COUNT(*) AS num_movies
  3        FROM imdb00.name_basics NB, imdb00.title_principals TP, imdb00.title_basics TB
  4        WHERE NB.nconst = TP.nconst AND
  5              TP.tconst = TB.tconst AND
  6              NB.nconst in ('nm0000255','nm0001876','nm0914612','nm0000136') AND
  7              LOWER(TB.titleType) = 'tvseries' AND
  8              LOWER(TP.category) IN ('actor','actress') AND 
  9              TB.startyear NOT LIKE '\N' AND
 10              TB.startyear >'2020' 
 11        GROUP BY NB.primaryname)mytable
 12  ORDER BY mytable.primaryname;

MYTABLE.PRIMARYNAME||','||MYTABLE.NUM_MOVIES                                                                                                                                                                                                                                                                                                                                                                                                                                                                                                                                                                                                                                                                                                                                                                                                                                                                                                                                                                                            
----------------------------------------------------------------------------------------------------------------------------------------------------------------------------------------------------------------------------------------------------------------------------------------------------------------------------------------------------------------------------------------------------------------------------------------------------------------------------------------------------------------------------------------------------------------------------------------------------------------------------------------------------------------------------------------------------------------------------------------------------------------------------------------------------------------------------------------------------------------------------------------------------------------------------------------------------------------------------------------------------------------------------------------
Catherine Zeta-Jones,1

Elapsed: 00:00:03.893
SQL> ------------------------------------------------------------------------------------------------------------------------------------
SQL> --2005
SQL> -- PRIOR TO 2006, COMPILE A LIST OF ALL THE MOVIES BEN AFFLECK, CATHERINE ZETA-JONES, EMMA WATSON, AND JOHNNY DEPP DID EACH YEAR.
SQL> 
SQL> SELECT mytable.primaryname|| ',' || mytable.num_movies 
  2  FROM (SELECT NB.primaryname,COUNT(*) AS num_movies
  3        FROM imdb00.name_basics NB, imdb00.title_principals TP, imdb00.title_basics TB
  4        WHERE NB.nconst = TP.nconst AND
  5              TP.tconst = TB.tconst AND
  6              NB.nconst in ('nm0000255','nm0001876','nm0914612','nm0000136') AND
  7              LOWER(TP.category) IN ('actor','actress') AND 
  8              TB.startyear NOT LIKE '\N' AND
  9              TB.startyear <= '2005'
 10        GROUP BY NB.primaryname)mytable
 11  ORDER BY mytable.primaryname;

MYTABLE.PRIMARYNAME||','||MYTABLE.NUM_MOVIES                                                                                                                                                                                                                                                                                                                                                                                                                                                                                                                                                                                                                                                                                                                                                                                                                                                                                                                                                                                            
----------------------------------------------------------------------------------------------------------------------------------------------------------------------------------------------------------------------------------------------------------------------------------------------------------------------------------------------------------------------------------------------------------------------------------------------------------------------------------------------------------------------------------------------------------------------------------------------------------------------------------------------------------------------------------------------------------------------------------------------------------------------------------------------------------------------------------------------------------------------------------------------------------------------------------------------------------------------------------------------------------------------------------------
Ben Affleck,39
Catherine Zeta-Jones,45
Emma Watson,3
Johnny Depp,123

Elapsed: 00:00:03.592
SQL> 
SQL> --2010
SQL> --COMPILE A LIST OF ALL THE MOVIES BEN AFFLECK, CATHERINE ZETA-JONES, EMMA WATSON, AND JOHNNY DEPP DID EACH YEAR FROM 2006 TO 2010
SQL> SELECT mytable.primaryname || ',' || mytable.num_movies 
  2  FROM (SELECT NB.primaryname, COUNT(*) AS num_movies
  3        FROM imdb00.name_basics NB, imdb00.title_principals TP, imdb00.title_basics TB
  4        WHERE NB.nconst = TP.nconst AND
  5              TP.tconst = TB.tconst AND
  6              NB.nconst in ('nm0000255','nm0001876','nm0914612','nm0000136') AND
  7              LOWER(TP.category) IN ('actor','actress') AND 
  8              TB.startyear NOT LIKE '\N' AND
  9              TB.startyear <= '2010' AND TB.startyear > '2005'
 10        GROUP BY NB.primaryname)mytable
 11  ORDER BY mytable.primaryname;

MYTABLE.PRIMARYNAME||','||MYTABLE.NUM_MOVIES                                                                                                                                                                                                                                                                                                                                                                                                                                                                                                                                                                                                                                                                                                                                                                                                                                                                                                                                                                                            
----------------------------------------------------------------------------------------------------------------------------------------------------------------------------------------------------------------------------------------------------------------------------------------------------------------------------------------------------------------------------------------------------------------------------------------------------------------------------------------------------------------------------------------------------------------------------------------------------------------------------------------------------------------------------------------------------------------------------------------------------------------------------------------------------------------------------------------------------------------------------------------------------------------------------------------------------------------------------------------------------------------------------------------
Ben Affleck,10
Catherine Zeta-Jones,3
Emma Watson,5
Johnny Depp,10

Elapsed: 00:00:03.949
SQL> 
SQL> --2015
SQL> --COMPILE A LIST OF ALL THE MOVIES BEN AFFLECK, CATHERINE ZETA-JONES, EMMA WATSON, AND JOHNNY DEPP DID EACH YEAR FROM 2011 TO 2015
SQL> 
SQL> SELECT mytable.primaryname || ',' || mytable.num_movies 
  2  FROM (SELECT NB.primaryname, COUNT(*) AS num_movies
  3        FROM imdb00.name_basics NB, imdb00.title_principals TP, imdb00.title_basics TB
  4        WHERE NB.nconst = TP.nconst AND
  5              TP.tconst = TB.tconst AND
  6              NB.nconst in ('nm0000255','nm0001876','nm0914612','nm0000136') AND
  7              LOWER(TP.category) IN ('actor','actress') AND 
  8              TB.startyear NOT LIKE '\N' AND
  9              TB.startyear <= '2015' AND TB.startyear > '2010'
 10        GROUP BY NB.primaryname)mytable
 11  ORDER BY mytable.primaryname;

MYTABLE.PRIMARYNAME||','||MYTABLE.NUM_MOVIES                                                                                                                                                                                                                                                                                                                                                                                                                                                                                                                                                                                                                                                                                                                                                                                                                                                                                                                                                                                            
----------------------------------------------------------------------------------------------------------------------------------------------------------------------------------------------------------------------------------------------------------------------------------------------------------------------------------------------------------------------------------------------------------------------------------------------------------------------------------------------------------------------------------------------------------------------------------------------------------------------------------------------------------------------------------------------------------------------------------------------------------------------------------------------------------------------------------------------------------------------------------------------------------------------------------------------------------------------------------------------------------------------------------------
Ben Affleck,7
Catherine Zeta-Jones,3
Emma Watson,6
Johnny Depp,11

Elapsed: 00:00:03.590
SQL> 
SQL> --2020
SQL> --COMPILE A LIST OF ALL THE MOVIES BEN AFFLECK, CATHERINE ZETA-JONES, EMMA WATSON, AND JOHNNY DEPP DID EACH YEAR FROM 2016 TO 2020
SQL> SELECT mytable.primaryname || ',' || mytable.num_movies 
  2  FROM (SELECT NB.primaryname, COUNT(*) AS num_movies
  3        FROM imdb00.name_basics NB, imdb00.title_principals TP, imdb00.title_basics TB
  4        WHERE NB.nconst = TP.nconst AND
  5              TP.tconst = TB.tconst AND
  6              NB.nconst in ('nm0000255','nm0001876','nm0914612','nm0000136') AND
  7              LOWER(TP.category) IN ('actor','actress') AND 
  8              TB.startyear NOT LIKE '\N' AND
  9              TB.startyear <= '2020' AND TB.startyear > '2015'
 10        GROUP BY NB.primaryname)mytable
 11  ORDER BY mytable.primaryname;

MYTABLE.PRIMARYNAME||','||MYTABLE.NUM_MOVIES                                                                                                                                                                                                                                                                                                                                                                                                                                                                                                                                                                                                                                                                                                                                                                                                                                                                                                                                                                                            
----------------------------------------------------------------------------------------------------------------------------------------------------------------------------------------------------------------------------------------------------------------------------------------------------------------------------------------------------------------------------------------------------------------------------------------------------------------------------------------------------------------------------------------------------------------------------------------------------------------------------------------------------------------------------------------------------------------------------------------------------------------------------------------------------------------------------------------------------------------------------------------------------------------------------------------------------------------------------------------------------------------------------------------
Ben Affleck,10
Catherine Zeta-Jones,10
Emma Watson,3
Johnny Depp,15

Elapsed: 00:00:03.660
SQL> 
SQL> --2020
SQL> --COMPILE A LIST OF ALL THE MOVIES BEN AFFLECK, CATHERINE ZETA-JONES, EMMA WATSON, AND JOHNNY DEPP DID EACH YEAR AFTER 2020
SQL> SELECT mytable.primaryname || ',' || mytable.num_movies 
  2  FROM (SELECT NB.primaryname, COUNT(*) AS num_movies
  3        FROM imdb00.name_basics NB, imdb00.title_principals TP, imdb00.title_basics TB
  4        WHERE NB.nconst = TP.nconst AND
  5              TP.tconst = TB.tconst AND
  6              NB.nconst in ('nm0000255','nm0001876','nm0914612','nm0000136') AND
  7              LOWER(TP.category) IN ('actor','actress') AND 
  8              TB.startyear NOT LIKE '\N' AND
  9              TB.startyear >'2020' 
 10        GROUP BY NB.primaryname)mytable
 11  ORDER BY mytable.primaryname;

MYTABLE.PRIMARYNAME||','||MYTABLE.NUM_MOVIES                                                                                                                                                                                                                                                                                                                                                                                                                                                                                                                                                                                                                                                                                                                                                                                                                                                                                                                                                                                            
----------------------------------------------------------------------------------------------------------------------------------------------------------------------------------------------------------------------------------------------------------------------------------------------------------------------------------------------------------------------------------------------------------------------------------------------------------------------------------------------------------------------------------------------------------------------------------------------------------------------------------------------------------------------------------------------------------------------------------------------------------------------------------------------------------------------------------------------------------------------------------------------------------------------------------------------------------------------------------------------------------------------------------------
Ben Affleck,5
Catherine Zeta-Jones,2
Johnny Depp,9

Elapsed: 00:00:03.777
SQL> ------------------------------------------------------------------------------------------------------------------------------
SQL> 
SQL> -- Analysis 2
SQL> -- Identify an actor or actress (for both) who has performed in the most and least films in given range of years      
SQL> (SELECT NB.nconst,NB.primaryname,COUNT(*) as movies
  2  FROM imdb00.name_basics NB, imdb00.title_principals TP, imdb00.title_basics TB
  3  WHERE NB.nconst = TP.nconst AND
  4      TP.tconst = TB.tconst AND
  5      LOWER(TB.titleType) = 'movie' AND
  6      LOWER(TP.category) IN ('actor') AND 
  7      TB.startyear NOT LIKE '\N' AND
  8      TB.startyear BETWEEN '1986' AND '1995' 
  9  GROUP BY NB.nconst, NB.primaryname
 10  ORDER BY movies DESC
 11  FETCH FIRST 1 ROWS ONLY)
 12  union
 13  (SELECT NB.nconst,NB.primaryname,COUNT(*) as movies
 14  FROM imdb00.name_basics NB, imdb00.title_principals TP, imdb00.title_basics TB
 15  WHERE NB.nconst = TP.nconst AND
 16      TP.tconst = TB.tconst AND
 17      LOWER(TB.titleType) = 'movie' AND
 18      LOWER(TP.category) IN ('actress') AND 
 19      TB.startyear NOT LIKE '\N' AND
 20      TB.startyear BETWEEN '1986' AND '1995'
 21  GROUP BY NB.nconst, NB.primaryname
 22  ORDER BY movies DESC
 23  FETCH FIRST 1 ROWS ONLY)
 24  union
 25  (SELECT NB.nconst,NB.primaryname,COUNT(*) as movies 
 26  FROM imdb00.name_basics NB, imdb00.title_principals TP, imdb00.title_basics TB
 27  WHERE NB.nconst = TP.nconst AND
 28      TP.tconst = TB.tconst AND
 29      LOWER(TB.titleType) = 'movie' AND
 30      LOWER(TP.category) IN ('actor') AND 
 31      TB.startyear NOT LIKE '\N' AND
 32      TB.startyear BETWEEN '1986' AND '1995'
 33  GROUP BY NB.nconst, NB.primaryname
 34  HAVING COUNT(*)=1
 35  FETCH FIRST 1 ROWS ONLY)
 36  union
 37  (SELECT NB.nconst,NB.primaryname,COUNT(*) as movies 
 38  FROM imdb00.name_basics NB, imdb00.title_principals TP, imdb00.title_basics TB
 39  WHERE NB.nconst = TP.nconst AND
 40      TP.tconst = TB.tconst AND
 41      LOWER(TB.titleType) = 'movie' AND
 42      LOWER(TP.category) IN ('actress') AND 
 43      TB.startyear NOT LIKE '\N' AND
 44      TB.startyear BETWEEN '1986' AND '1995'
 45  GROUP BY NB.nconst, NB.primaryname, TB.startyear
 46  HAVING COUNT(*)=1
 47  FETCH FIRST 1 ROWS ONLY);

NCONST
----------
PRIMARYNAME
----------------------------------------------------------------------------------------------------------------------------------------------------------------------------------------------------------------------------------------------------------------------------------------------------------------------------------------------------------------------------------------------------------------------------------------------------------------------------------------------------------------------------------------------------------------------------------------------------------------------------------------------------------------------------------------------------------------------------------------------------------------------------------------------------------------------------------------------------------------------------------------------------------------------------------------------------------------------------------------------------------------------------------------
    MOVIES
----------
nm0103977  
Brahmanandam                                                                                                                                                                                                                                                                                                                                                                                                                                                                                                                                                                                                                                                                                                                                                                                                                                                                                                                                                                                                                            
       261

nm0194720  
Miguel Crcega                                                                                                                                                                                                                                                                                                                                                                                                                                                                                                                                                                                                                                                                                                                                                                                                                                                                                                                                                                                                                          
         1

NCONST
----------
PRIMARYNAME
----------------------------------------------------------------------------------------------------------------------------------------------------------------------------------------------------------------------------------------------------------------------------------------------------------------------------------------------------------------------------------------------------------------------------------------------------------------------------------------------------------------------------------------------------------------------------------------------------------------------------------------------------------------------------------------------------------------------------------------------------------------------------------------------------------------------------------------------------------------------------------------------------------------------------------------------------------------------------------------------------------------------------------------
    MOVIES
----------

nm0650449  
Alicia Orozco                                                                                                                                                                                                                                                                                                                                                                                                                                                                                                                                                                                                                                                                                                                                                                                                                                                                                                                                                                                                                           
         1

nm0999206  
Kyko Hashimoto                                                                                                                                                                                                                                                                                                                                                                                                                                                                                                                                                                                                                                                                                                                                                                                                                                                                                                                                                                                                                         

NCONST
----------
PRIMARYNAME
----------------------------------------------------------------------------------------------------------------------------------------------------------------------------------------------------------------------------------------------------------------------------------------------------------------------------------------------------------------------------------------------------------------------------------------------------------------------------------------------------------------------------------------------------------------------------------------------------------------------------------------------------------------------------------------------------------------------------------------------------------------------------------------------------------------------------------------------------------------------------------------------------------------------------------------------------------------------------------------------------------------------------------------
    MOVIES
----------
       110


Elapsed: 00:00:34.277
SQL> 
SQL> 
SQL> SPOOL OFF
